NAMES,SMILES,VALUE
C0481_A0020,CC[NH+]1C=CN=C1.F[B-](F)(F)F,309
C0481_A0048,CC[NH+]1C=CN=C1.O=S(=O)([N-]S(=O)(=O)C(F)(F)F)C(F)(F)F,365
C0481_A0067,CC[NH+]1C=CN=C1.O=S(=O)([N-]S(=O)(=O)C(F)(F)C(F)(F)F)C(F)(F)C(F)(F)F,255
C0481_A0084,CC[NH+]1C=CN=C1.O=S(=O)([O-])C(F)(F)F,300
C0481_A0121,CC(O)C(=O)[O-].CC[NH+]1C=CN=C1,208
C0481_A0081,CC[NH+]1C=CN=C1.C[C@H](O)C(=O)[O-],199
C1404_A0121,CC(O)C(=O)[O-].CCC[NH+]1C=CN=C1,211
C1404_A0081,CCC[NH+]1C=CN=C1.C[C@H](O)C(=O)[O-],209
C1376_A0121,CC(O)C(=O)[O-].CCCC[NH+]1C=CN=C1,245
C1376_A0081,CCCC[NH+]1C=CN=C1.C[C@H](O)C(=O)[O-],239
C1402_A0121,CC(O)C(=O)[O-].CCCCC[NH+]1C=CN=C1,229
C1402_A0081,CCCCC[NH+]1C=CN=C1.C[C@H](O)C(=O)[O-],227
C1394_A0121,CC(O)C(=O)[O-].CCCCCC[NH+]1C=CN=C1,226
C1394_A0081,CCCCCC[NH+]1C=CN=C1.C[C@H](O)C(=O)[O-],222
C1392_A0121,CC(O)C(=O)[O-].CCCCCCC[NH+]1C=CN=C1,225
C1392_A0081,CCCCCCC[NH+]1C=CN=C1.C[C@H](O)C(=O)[O-],222
C1400_A0121,CC(O)C(=O)[O-].CCCCCCCC[NH+]1C=CN=C1,223
C1400_A0081,CCCCCCCC[NH+]1C=CN=C1.C[C@H](O)C(=O)[O-],221
C1397_A0121,CC(O)C(=O)[O-].CCCCCCCCC[NH+]1C=CN=C1,209
C1397_A0081,CCCCCCCCC[NH+]1C=CN=C1.C[C@H](O)C(=O)[O-],204
C1382_A0121,CC(O)C(=O)[O-].CCCCCCCCCC[NH+]1C=CN=C1,207
C1382_A0081,CCCCCCCCCC[NH+]1C=CN=C1.C[C@H](O)C(=O)[O-],199
C1412_A0121,CC(O)C(=O)[O-].CCCCCCCCCCC[NH+]1C=CN=C1,194
C1384_A0081,CCCCCCCCCCCC[NH+]1C=CN=C1.C[C@H](O)C(=O)[O-],194
C1384_A0121,CC(O)C(=O)[O-].CCCCCCCCCCCC[NH+]1C=CN=C1,191
C1377_A0081,CCCCOC[NH+]1C=CN=C1.C[C@H](O)C(=O)[O-],188
C1377_A0121,CC(O)C(=O)[O-].CCCCOC[NH+]1C=CN=C1,217
C1403_A0081,CCCCCOC[NH+]1C=CN=C1.C[C@H](O)C(=O)[O-],197
C1403_A0121,CC(O)C(=O)[O-].CCCCCOC[NH+]1C=CN=C1,193
C1395_A0081,CCCCCCOC[NH+]1C=CN=C1.C[C@H](O)C(=O)[O-],211
C1395_A0121,CC(O)C(=O)[O-].CCCCCCOC[NH+]1C=CN=C1,208
C1393_A0081,CCCCCCCOC[NH+]1C=CN=C1.C[C@H](O)C(=O)[O-],225
C1393_A0121,CC(O)C(=O)[O-].CCCCCCCOC[NH+]1C=CN=C1,218
C1401_A0081,CCCCCCCCOC[NH+]1C=CN=C1.C[C@H](O)C(=O)[O-],228
C1401_A0121,CC(O)C(=O)[O-].CCCCCCCCOC[NH+]1C=CN=C1,223
C1398_A0081,CCCCCCCCCOC[NH+]1C=CN=C1.C[C@H](O)C(=O)[O-],238
C1398_A0121,CC(O)C(=O)[O-].CCCCCCCCCOC[NH+]1C=CN=C1,231
C1383_A0081,CCCCCCCCCCOC[NH+]1C=CN=C1.C[C@H](O)C(=O)[O-],208
C1383_A0121,CC(O)C(=O)[O-].CCCCCCCCCCOC[NH+]1C=CN=C1,202
C1413_A0081,CCCCCCCCCCCOC[NH+]1C=CN=C1.C[C@H](O)C(=O)[O-],222
C1413_A0121,CC(O)C(=O)[O-].CCCCCCCCCCCOC[NH+]1C=CN=C1,216
C1385_A0081,CCCCCCCCCCCCOC[NH+]1C=CN=C1.C[C@H](O)C(=O)[O-],246
C1385_A0121,CC(O)C(=O)[O-].CCCCCCCCCCCCOC[NH+]1C=CN=C1,239
C0958_A0043,Cn1cc[n+](C)c1.F[B-](F)(F)C(F)(F)C(F)(F)F,290
C0958_A0009,Cn1cc[n+](C)c1.F[B-](F)(F)C(F)(F)C(F)(F)C(F)(F)F,279
C0958_A0021,Cn1cc[n+](C)c1.F[B-](F)(F)C(F)(F)C(F)(F)C(F)(F)C(F)(F)F,275
C0460_A0020,CC[n+]1ccn(C)c1.F[B-](F)(F)F,445
C0460_A0008,CC[n+]1ccn(C)c1.F[B-](F)(F)C(F)(F)F,246
C0460_A0043,CC[n+]1ccn(C)c1.F[B-](F)(F)C(F)(F)C(F)(F)F,305
C0460_A0009,CC[n+]1ccn(C)c1.F[B-](F)(F)C(F)(F)C(F)(F)C(F)(F)F,304
C0460_A0021,CC[n+]1ccn(C)c1.F[B-](F)(F)C(F)(F)C(F)(F)C(F)(F)C(F)(F)F,277
C0460_A0143,CC[n+]1ccn(C)c1.C[B-](F)(F)F,272
C0460_A0140,CC[B-](F)(F)F.CC[n+]1ccn(C)c1,258
C0460_A0002,CCC[B-](F)(F)F.CC[n+]1ccn(C)c1,281
C0460_A0041,CCCC[B-](F)(F)F.CC[n+]1ccn(C)c1,249
C0460_A0025,CCCCC[B-](F)(F)F.CC[n+]1ccn(C)c1,292
C0460_A0151,C=C[B-](F)(F)F.CC[n+]1ccn(C)c1,227
C0460_A0067,CC[n+]1ccn(C)c1.O=S(=O)([N-]S(=O)(=O)C(F)(F)C(F)(F)F)C(F)(F)C(F)(F)F,423
C0460_A0056,CC[n+]1ccn(C)c1.N#C[N-]C#N,240
C0460_A0028,CC[n+]1ccn(C)c1.O=S(=O)([N-]S(=O)(=O)C(F)(F)C(F)(F)C(F)(F)C(F)(F)F)C(F)(F)C(F)(F)C(F)(F)C(F)(F)F,290
C0460_A0011,CC[n+]1ccn(C)c1.F[P-](F)(F)(F)(F)F,375
C0460_A0071,CC[n+]1ccn(C)c1.FC(F)(F)C(F)(F)[P-](F)(F)(F)(C(F)(F)C(F)(F)F)C(F)(F)C(F)(F)F,300
C0460_A0064,CC[n+]1ccn(C)c1.O=C([O-])C(F)(F)F,172
C0460_A0003,CC[n+]1ccn(C)c1.O=S(=O)([C-](S(=O)(=O)C(F)(F)F)S(=O)(=O)C(F)(F)F)C(F)(F)F,430
C0460_A0084,CC[n+]1ccn(C)c1.O=S(=O)([O-])C(F)(F)F,440
C0811_A0020,CCC[n+]1ccn(C)c1.F[B-](F)(F)F,435
C0811_A0008,CCC[n+]1ccn(C)c1.F[B-](F)(F)C(F)(F)F,272
C0811_A0043,CCC[n+]1ccn(C)c1.F[B-](F)(F)C(F)(F)C(F)(F)F,312
C0811_A0009,CCC[n+]1ccn(C)c1.F[B-](F)(F)C(F)(F)C(F)(F)C(F)(F)F,298
C0811_A0021,CCC[n+]1ccn(C)c1.F[B-](F)(F)C(F)(F)C(F)(F)C(F)(F)C(F)(F)F,305
C0811_A0048,CCC[n+]1ccn(C)c1.O=S(=O)([N-]S(=O)(=O)C(F)(F)F)C(F)(F)F,452
C0811_A0028,CCC[n+]1ccn(C)c1.O=S(=O)([N-]S(=O)(=O)C(F)(F)C(F)(F)C(F)(F)C(F)(F)F)C(F)(F)C(F)(F)C(F)(F)C(F)(F)F,300
C0811_A0079,CCC[n+]1ccn(C)c1.O=S(=O)([O-])C(F)(F)C(F)(F)C(F)(F)C(F)(F)F,285
C0811_A0033,CCC[n+]1ccn(C)c1.[Cl-],281
C0854_A0069,CC(C)[n+]1ccn(C)c1.[I-],296
C0854_A0048,CC(C)[n+]1ccn(C)c1.O=S(=O)([N-]S(=O)(=O)C(F)(F)F)C(F)(F)F,432
C0854_A0028,CC(C)[n+]1ccn(C)c1.O=S(=O)([N-]S(=O)(=O)C(F)(F)C(F)(F)C(F)(F)C(F)(F)F)C(F)(F)C(F)(F)C(F)(F)C(F)(F)F,310
C0854_A0079,CC(C)[n+]1ccn(C)c1.O=S(=O)([O-])C(F)(F)C(F)(F)C(F)(F)C(F)(F)F,310
C0854_A0011,CC(C)[n+]1ccn(C)c1.F[P-](F)(F)(F)(F)F,332
C0291_A0008,COCC[n+]1ccn(C)c1.F[B-](F)(F)C(F)(F)F,225
C0291_A0043,COCC[n+]1ccn(C)c1.F[B-](F)(F)C(F)(F)C(F)(F)F,288
C0505_A0033,CCCC[n+]1ccn(C)c1.[Cl-],254
C0505_A0069,CCCC[n+]1ccn(C)c1.[I-],265
C0505_A0020,CCCC[n+]1ccn(C)c1.F[B-](F)(F)F,424
C0505_A0008,CCCC[n+]1ccn(C)c1.F[B-](F)(F)C(F)(F)F,238
C0505_A0043,CCCC[n+]1ccn(C)c1.F[B-](F)(F)C(F)(F)C(F)(F)F,309
C0505_A0048,CCCC[n+]1ccn(C)c1.O=S(=O)([N-]S(=O)(=O)C(F)(F)F)C(F)(F)F,425
C0505_A0028,CCCC[n+]1ccn(C)c1.O=S(=O)([N-]S(=O)(=O)C(F)(F)C(F)(F)C(F)(F)C(F)(F)F)C(F)(F)C(F)(F)C(F)(F)C(F)(F)F,320
C0505_A0144,CCCC[n+]1ccn(C)c1.O=S(=O)([O-])c1ccc2c(c1)OCCOCCOCCOCCO2,267
C0505_A0011,CCCC[n+]1ccn(C)c1.F[P-](F)(F)(F)(F)F,390
C0505_A0031,CCCC[n+]1ccn(C)c1.O=C([O-])c1ccccc1,280
C0267_A0028,CC(C)C[n+]1ccn(C)c1.O=S(=O)([N-]S(=O)(=O)C(F)(F)C(F)(F)C(F)(F)C(F)(F)F)C(F)(F)C(F)(F)C(F)(F)C(F)(F)F,295
C0782_A0028,CCCCC[n+]1ccn(C)c1.O=S(=O)([N-]S(=O)(=O)C(F)(F)C(F)(F)C(F)(F)C(F)(F)F)C(F)(F)C(F)(F)C(F)(F)C(F)(F)F,295
C1348_A0043,COCCOCC[n+]1ccn(C)c1.F[B-](F)(F)C(F)(F)C(F)(F)F,293
C1348_A0008,COCCOCC[n+]1ccn(C)c1.F[B-](F)(F)C(F)(F)F,238
C0190_A0033,CCCCCC[n+]1ccn(C)c1.[Cl-],253
C0190_A0020,CCCCCC[n+]1ccn(C)c1.F[B-](F)(F)F,409
C0190_A0043,CCCCCC[n+]1ccn(C)c1.F[B-](F)(F)C(F)(F)C(F)(F)F,306
C0190_A0008,CCCCCC[n+]1ccn(C)c1.F[B-](F)(F)C(F)(F)F,197
C0190_A0071,CCCCCC[n+]1ccn(C)c1.FC(F)(F)C(F)(F)[P-](F)(F)(F)(C(F)(F)C(F)(F)F)C(F)(F)C(F)(F)F,290
C0190_A0031,CCCCCC[n+]1ccn(C)c1.O=C([O-])c1ccccc1,270
C0810_A0144,Cn1cc[n+](Cc2ccccc2)c1.O=S(=O)([O-])c1ccc2c(c1)OCCOCCOCCOCCO2,250
C0290_A0033,CCCCCCCC[n+]1ccn(C)c1.[Cl-],243
C0290_A0020,CCCCCCCC[n+]1ccn(C)c1.F[B-](F)(F)F,360
C0290_A0144,CCCCCCCC[n+]1ccn(C)c1.O=S(=O)([O-])c1ccc2c(c1)OCCOCCOCCOCCO2,248
C0290_A0011,CCCCCCCC[n+]1ccn(C)c1.F[P-](F)(F)(F)(F)F,376
C0515_A0056,CCCCCCCCCC[n+]1ccn(C)c1.N#C[N-]C#N,270
C0515_A0007,CCCCCCCCCC[n+]1ccn(C)c1.O=C1[N-]S(=O)(=O)c2ccccc21,251
C0515_A0030,CCCCCCCCCC[n+]1ccn(C)c1.Cc1ccc(S(=O)(=O)[O-])cc1,278
C0515_A0064,CCCCCCCCCC[n+]1ccn(C)c1.O=C([O-])C(F)(F)F,200
C0665_A0004,CCCCCCCCCCCCCC[n+]1ccn(C)c1.[Br-],273
C0495_A0008,COC[n+]1ccn(C)c1.F[B-](F)(F)C(F)(F)F,211
C0495_A0043,COC[n+]1ccn(C)c1.F[B-](F)(F)C(F)(F)C(F)(F)F,274
C0852_A0020,Cn1cc[n+](CCO)c1.F[B-](F)(F)F,380
C0852_A0048,Cn1cc[n+](CCO)c1.O=S(=O)([N-]S(=O)(=O)C(F)(F)F)C(F)(F)F,420
C0852_A0011,Cn1cc[n+](CCO)c1.F[P-](F)(F)(F)(F)F,310
C0145_A0048,COC(=O)C[n+]1ccn(C)c1.O=S(=O)([N-]S(=O)(=O)C(F)(F)F)C(F)(F)F,340
C1409_A0079,CC[C@@H](C)[n+]1ccn(C)c1.O=S(=O)([O-])C(F)(F)C(F)(F)C(F)(F)C(F)(F)F,280
C0082_A0069,C[n+]1ccn(CCO[Si](C)(C)C)c1.[I-],183
C0816_A0004,C[Si](C)(C)OCCn1cc[n+](CCF)c1.[Br-],210
C1030_A0069,C[Si](C)(C)OCCn1cc[n+](CCC(F)(F)F)c1.[I-],240
C0584_A0028,CC(C)CC[n+]1ccn(C)c1.O=S(=O)([N-]S(=O)(=O)C(F)(F)C(F)(F)C(F)(F)C(F)(F)F)C(F)(F)C(F)(F)C(F)(F)C(F)(F)F,280
C0591_A0048,CCC(=O)C[n+]1ccn(CCC(F)(F)F)c1.O=S(=O)([N-]S(=O)(=O)C(F)(F)F)C(F)(F)F,228
C1354_A0033,C[C@@H](O)C[n+]1ccn(C)c1.[Cl-],300
C1354_A0048,C[C@@H](O)C[n+]1ccn(C)c1.O=S(=O)([N-]S(=O)(=O)C(F)(F)F)C(F)(F)F,425
C1354_A0090,C[C@@H](O)C[n+]1ccn(C)c1.O=[N+]([O-])[O-],320
C1354_A0011,C[C@@H](O)C[n+]1ccn(C)c1.F[P-](F)(F)(F)(F)F,325
C1523_A0033,CCCCn1cc[n+](C[C@@H](C)O)c1.[Cl-],250
C1352_A0048,Cn1cc[n+](C[C@@H](Br)CBr)c1.O=S(=O)([N-]S(=O)(=O)C(F)(F)F)C(F)(F)F,268
C1352_A0011,Cn1cc[n+](C[C@@H](Br)CBr)c1.F[P-](F)(F)(F)(F)F,263
C1360_A0048,Cn1cc[n+](CC[C@@](F)(Br)C(F)(F)Br)c1.O=S(=O)([N-]S(=O)(=O)C(F)(F)F)C(F)(F)F,284
C1411_A0048,BrC=C(Br)Cn1cc[n+](C[C@@H](Br)CBr)c1.O=S(=O)([N-]S(=O)(=O)C(F)(F)F)C(F)(F)F,258
C1362_A0048,BrC[C@@H](Br)C[n+]1ccn(C[C@@H](Br)CBr)c1.O=S(=O)([N-]S(=O)(=O)C(F)(F)F)C(F)(F)F,250
C1330_A0048,BrC[C@H](Br)Cn1cc[n+]([C@H](Br)CBr)c1.O=S(=O)([N-]S(=O)(=O)C(F)(F)F)C(F)(F)F,246
C1349_A0048,FC(F)(Br)[C@@](F)(Br)CC[n+]1ccn(C[C@H](Br)CBr)c1.O=S(=O)([N-]S(=O)(=O)C(F)(F)F)C(F)(F)F,273
C0841_A0056,N#C[N-]C#N.c1ccc(Cn2cc[n+](Cc3ccccc3)c2)cc1,252
C0841_A0007,O=C1[N-]S(=O)(=O)c2ccccc21.c1ccc(Cn2cc[n+](Cc3ccccc3)c2)cc1,243
C0841_A0064,O=C([O-])C(F)(F)F.c1ccc(Cn2cc[n+](Cc3ccccc3)c2)cc1,180
C0841_A0015,N#C[S-].c1ccc(Cn2cc[n+](Cc3ccccc3)c2)cc1,163
C0162_A0033,CCn1cc[n+](C)c1C.[Cl-],290
C0162_A0004,CCn1cc[n+](C)c1C.[Br-],322
C0162_A0048,CCn1cc[n+](C)c1C.O=S(=O)([N-]S(=O)(=O)C(F)(F)F)C(F)(F)F,456
C0162_A0067,CCn1cc[n+](C)c1C.O=S(=O)([N-]S(=O)(=O)C(F)(F)C(F)(F)F)C(F)(F)C(F)(F)F,420
C0162_A0031,CCn1cc[n+](C)c1C.O=C([O-])c1ccccc1,269
C0052_A0048,CCCn1cc[n+](C)c1C.O=S(=O)([N-]S(=O)(=O)C(F)(F)F)C(F)(F)F,457
C0052_A0011,CCCn1cc[n+](C)c1C.F[P-](F)(F)(F)(F)F,399
C1098_A0031,CCCC[n+]1ccn(C)c1C.O=C([O-])c1ccccc1,256
C0140_A0051,Cn1cc([N+](=O)[O-])[n+](C)c1.[O-][Cl+3]([O-])([O-])[O-],259
C0140_A0090,Cn1cc([N+](=O)[O-])[n+](C)c1.O=[N+]([O-])[O-],174
C0517_A0051,Cc1n(C)cc([N+](=O)[O-])[n+]1C.[O-][Cl+3]([O-])([O-])[O-],307
C0517_A0090,Cc1n(C)cc([N+](=O)[O-])[n+]1C.O=[N+]([O-])[O-],166
C0904_A0051,CC[n+]1c([N+](=O)[O-])cn(C)c1C.[O-][Cl+3]([O-])([O-])[O-],237
C0904_A0090,CC[n+]1c([N+](=O)[O-])cn(C)c1C.O=[N+]([O-])[O-],146
C1350_A0048,Cn1c[n+](C[C@H](Br)CBr)c(Br)c1Br.O=S(=O)([N-]S(=O)(=O)C(F)(F)F)C(F)(F)F,307
C1351_A0048,Cn1c[n+](C[C@H](Br)CBr)c(I)c1I.O=S(=O)([N-]S(=O)(=O)C(F)(F)F)C(F)(F)F,287
C1361_A0048,BrC[C@@H](Br)Cn1c[n+](C[C@@H](Br)CBr)c(I)c1I.O=S(=O)([N-]S(=O)(=O)C(F)(F)F)C(F)(F)F,282
C0503_A0069,Cc1c(C)[n+](C)c(C)n1C.[I-],303
C0503_A0048,Cc1c(C)[n+](C)c(C)n1C.O=S(=O)([N-]S(=O)(=O)C(F)(F)F)C(F)(F)F,470
C0503_A0011,Cc1c(C)[n+](C)c(C)n1C.F[P-](F)(F)(F)(F)F,487
C0459_A0048,CCCC[n+]1nn(C)c2ccccc21.O=S(=O)([N-]S(=O)(=O)C(F)(F)F)C(F)(F)F,315
C0459_A0056,CCCC[n+]1nn(C)c2ccccc21.N#C[N-]C#N,185
C0459_A0142,CCCC[n+]1nn(C)c2ccccc21.NCCCC[C@H](N)C(=O)[O-],200
C0459_A0030,CCCC[n+]1nn(C)c2ccccc21.Cc1ccc(S(=O)(=O)[O-])cc1,225
C0235_A0004,Cn1n[n+](Cc2ccccc2)c2ccccc21.[Br-],170
C0235_A0048,Cn1n[n+](Cc2ccccc2)c2ccccc21.O=S(=O)([N-]S(=O)(=O)C(F)(F)F)C(F)(F)F,280
C0235_A0056,Cn1n[n+](Cc2ccccc2)c2ccccc21.N#C[N-]C#N,155
C0235_A0142,Cn1n[n+](Cc2ccccc2)c2ccccc21.NCCCC[C@H](N)C(=O)[O-],180
C0235_A0030,Cc1ccc(S(=O)(=O)[O-])cc1.Cn1n[n+](Cc2ccccc2)c2ccccc21,205
C0826_A0051,Cn1cn[n+](CCN=[N+]=[N-])c1.[O-][Cl+3]([O-])([O-])[O-],192
C0826_A0090,Cn1cn[n+](CCN=[N+]=[N-])c1.O=[N+]([O-])[O-],119
C0583_A0051,C[n+]1cn(CCN=[N+]=[N-])cn1.[O-][Cl+3]([O-])([O-])[O-],152
C0583_A0090,C[n+]1cn(CCN=[N+]=[N-])cn1.O=[N+]([O-])[O-],143
C0178_A0051,[N-]=[N+]=NCC[NH+]1C=NC=N1.[O-][Cl+3]([O-])([O-])[O-],150
C0178_A0090,O=[N+]([O-])[O-].[N-]=[N+]=NCC[NH+]1C=NC=N1,170
C0554_A0051,[N-]=[N+]=NCC[n+]1cn(N)cn1.[O-][Cl+3]([O-])([O-])[O-],218
C0554_A0090,O=[N+]([O-])[O-].[N-]=[N+]=NCC[n+]1cn(N)cn1,153
C0554_A0073,[N-]=[N+]=NCC[n+]1cn(N)cn1.[N-]=[N+]=[N-],106
C1396_A0048,C[n+]1cn(CCC(F)(F)F)cn1.O=S(=O)([N-]S(=O)(=O)C(F)(F)F)C(F)(F)F,376
C0550_A0048,CCCC[n+]1cn(CCC(F)(F)F)cn1.O=S(=O)([N-]S(=O)(=O)C(F)(F)F)C(F)(F)F,395
C1389_A0048,CCCCCCC[n+]1cn(CCC(F)(F)F)cn1.O=S(=O)([N-]S(=O)(=O)C(F)(F)F)C(F)(F)F,402
C1381_A0048,CCCCCCCCCC[n+]1cn(CCC(F)(F)F)cn1.O=S(=O)([N-]S(=O)(=O)C(F)(F)F)C(F)(F)F,400
C1372_A0048,CCCCn1c[n+](CCC(F)(F)C(F)(F)C(F)(F)C(F)(F)F)cn1.O=S(=O)([N-]S(=O)(=O)C(F)(F)F)C(F)(F)F,394
C0172_A0048,CCCCCCCn1c[n+](CCC(F)(F)C(F)(F)C(F)(F)C(F)(F)F)cn1.O=S(=O)([N-]S(=O)(=O)C(F)(F)F)C(F)(F)F,396
C0706_A0048,CCCCCCCCCCn1c[n+](CCC(F)(F)C(F)(F)C(F)(F)C(F)(F)F)cn1.O=S(=O)([N-]S(=O)(=O)C(F)(F)F)C(F)(F)F,396
C0579_A0048,Cn1c[n+](CCC(F)(F)C(F)(F)C(F)(F)C(F)(F)C(F)(F)C(F)(F)F)cn1.O=S(=O)([N-]S(=O)(=O)C(F)(F)F)C(F)(F)F,381
C0992_A0048,CCCCn1c[n+](CCC(F)(F)C(F)(F)C(F)(F)C(F)(F)C(F)(F)C(F)(F)F)cn1.O=S(=O)([N-]S(=O)(=O)C(F)(F)F)C(F)(F)F,368
C0074_A0048,CCCCCCCn1c[n+](CCC(F)(F)C(F)(F)C(F)(F)C(F)(F)C(F)(F)C(F)(F)F)cn1.O=S(=O)([N-]S(=O)(=O)C(F)(F)F)C(F)(F)F,405
C1386_A0020,CCCCCCC[n+]1cn([C@H](C)F)cn1.F[B-](F)(F)F,336
C1386_A0048,CCCCCCC[n+]1cn([C@H](C)F)cn1.O=S(=O)([N-]S(=O)(=O)C(F)(F)F)C(F)(F)F,359
C1379_A0048,CCCCCCCCCC[n+]1cn([C@H](C)F)cn1.O=S(=O)([N-]S(=O)(=O)C(F)(F)F)C(F)(F)F,425
C1379_A0084,CCCCCCCCCC[n+]1cn([C@H](C)F)cn1.O=S(=O)([O-])C(F)(F)F,362
C1388_A0048,CCCCCCCn1c[n+](C[C@@H](O)C(F)(F)F)cn1.O=S(=O)([N-]S(=O)(=O)C(F)(F)F)C(F)(F)F,315
C1388_A0004,CCCCCCCn1c[n+](C[C@@H](O)C(F)(F)F)cn1.[Br-],221
C1380_A0048,CCCCCCCCCCn1c[n+](C[C@@H](O)C(F)F)cn1.O=S(=O)([N-]S(=O)(=O)C(F)(F)F)C(F)(F)F,320
C1374_A0048,CCCC[NH+]1C=C(CCC(F)=C(F)F)N=N1.O=S(=O)([N-]S(=O)(=O)C(F)(F)F)C(F)(F)F,359
C1390_A0048,CCCCCCC[NH+]1C=C(CCC(F)=C(F)F)N=N1.O=S(=O)([N-]S(=O)(=O)C(F)(F)F)C(F)(F)F,350
C1390_A0004,CCCCCCC[NH+]1C=C(CCC(F)=C(F)F)N=N1.[Br-],271
C1390_A0011,CCCCCCC[NH+]1C=C(CCC(F)=C(F)F)N=N1.F[P-](F)(F)(F)(F)F,350
C1522_A0004,CCCCCCCCCC[NH+]1C=C(CCC(F)=C(F)F)N=N1.[Br-],286
C1375_A0084,CCCCn1c[n+](CCCCS(=O)(=O)O)cn1.O=S(=O)([O-])C(F)(F)F,333
C1391_A0048,CCCCCCCn1c[n+](CCCCS(=O)(=O)O)cn1.O=S(=O)([N-]S(=O)(=O)C(F)(F)F)C(F)(F)F,408
C1391_A0084,CCCCCCCn1c[n+](CCCCS(=O)(=O)O)cn1.O=S(=O)([O-])C(F)(F)F,361
C1373_A0084,CCCCn1c[n+](C(=O)C(F)(F)C(F)(F)C(F)(F)C(=O)O)cn1.O=S(=O)([O-])C(F)(F)F,254
C1387_A0084,CCCCCCCn1c[n+](C(=O)C(F)(F)C(F)(F)C(F)(F)C(=O)O)cn1.O=S(=O)([O-])C(F)(F)F,254
C0593_A0051,Cn1c[n+](C)cn1.[O-][Cl+3]([O-])([O-])[O-],97
C0593_A0090,Cn1c[n+](C)cn1.O=[N+]([O-])[O-],160
C0391_A0051,C[n+]1cn(N)cn1.[O-][Cl+3]([O-])([O-])[O-],259
C0391_A0090,C[n+]1cn(N)cn1.O=[N+]([O-])[O-],221
C0391_A0073,C[n+]1cn(N)cn1.[N-]=[N+]=[N-],129
C0125_A0051,C[NH+]1C=NC(N=[N+]=[N-])=N1.[O-][Cl+3]([O-])([O-])[O-],147
C0125_A0090,C[NH+]1C=NC(N=[N+]=[N-])=N1.O=[N+]([O-])[O-],139
C0125_A0019,C[NH+]1C=NC(N=[N+]=[N-])=N1.O=C([O-])C1([N+](=O)[O-])N=NN=N1,141
C0125_A0035,C[NH+]1C=NC(N=[N+]=[N-])=N1.O=C([O-])c1nc([N+](=O)[O-])c([N+](=O)[O-])[nH]1,145
C0890_A0090,CC1=NC(N=[N+]=[N-])=N[NH2+]1.O=[N+]([O-])[O-],136
C0689_A0051,[N-]=[N+]=NC1=N[NH2+]C=N1.[O-][Cl+3]([O-])([O-])[O-],154
C0689_A0090,O=[N+]([O-])[O-].[N-]=[N+]=NC1=N[NH2+]C=N1,174
C0689_A0019,O=C([O-])C1([N+](=O)[O-])N=NN=N1.[N-]=[N+]=NC1=N[NH2+]C=N1,161
C0689_A0035,O=C([O-])c1nc([N+](=O)[O-])c([N+](=O)[O-])[nH]1.[N-]=[N+]=NC1=N[NH2+]C=N1,158
C0771_A0090,O=[N+]([O-])[O-].[N-]=[N+]=NC1=N[NH2+]C(N=[N+]=[N-])=N1,136
C0175_A0051,Cn1c[n+](C)nc1N=[N+]=[N-].[O-][Cl+3]([O-])([O-])[O-],147
C0175_A0090,Cn1c[n+](C)nc1N=[N+]=[N-].O=[N+]([O-])[O-],129
C0781_A0048,CCCn1c[n+](CCCCC(F)(F)C(F)(F)S(F)(F)(F)(F)F)cn1.O=S(=O)([N-]S(=O)(=O)C(F)(F)F)C(F)(F)F,300
C0430_A0051,N[NH+]1C=NC=N1.[O-][Cl+3]([O-])([O-])[O-],235
C0430_A0090,N[NH+]1C=NC=N1.O=[N+]([O-])[O-],149
C0218_A0019,Nn1cn[nH+]c1.O=C([O-])C1([N+](=O)[O-])N=NN=N1,190
C0218_A0035,Nn1cn[nH+]c1.O=C([O-])c1nc([N+](=O)[O-])c([N+](=O)[O-])[nH]1,149
C0218_A0133,Nn1cn[nH+]c1.O=C([O-])[C@@]1([N+](=O)[O-])N=CN=N1,198
C0218_A0051,Nn1cn[nH+]c1.[O-][Cl+3]([O-])([O-])[O-],208
C0218_A0090,Nn1cn[nH+]c1.O=[N+]([O-])[O-],181
C0326_A0051,Cn1cn[n+](N)c1.[O-][Cl+3]([O-])([O-])[O-],253
C0326_A0090,Cn1cn[n+](N)c1.O=[N+]([O-])[O-],217
C0007_A0035,NC1=NC=N[NH+]1N.O=C([O-])c1nc([N+](=O)[O-])c([N+](=O)[O-])[nH]1,165
C0442_A0035,C1=NC=N[NH2+]1.O=C([O-])c1nc([N+](=O)[O-])c([N+](=O)[O-])[nH]1,165
C0058_A0035,C[NH+]1C=NC=N1.O=C([O-])c1nc([N+](=O)[O-])c([N+](=O)[O-])[nH]1,150
C1039_A0004,CCCC[n+]1nn(CC)c2ccccc21.[Br-],175
C1039_A0020,CCCC[n+]1nn(CC)c2ccccc21.F[B-](F)(F)F,316
C1039_A0011,CCCC[n+]1nn(CC)c2ccccc21.F[P-](F)(F)(F)(F)F,345
C0322_A0004,CCCCn1n[n+](CCCC)c2ccccc21.[Br-],170
C0322_A0020,CCCCn1n[n+](CCCC)c2ccccc21.F[B-](F)(F)F,280
C0322_A0011,CCCCn1n[n+](CCCC)c2ccccc21.F[P-](F)(F)(F)(F)F,319
C1003_A0069,Cc1n(C)c(C(F)(F)F)n[n+]1CCCF.[I-],250
C1003_A0048,Cc1n(C)c(C(F)(F)F)n[n+]1CCCF.O=S(=O)([N-]S(=O)(=O)C(F)(F)F)C(F)(F)F,323
C0277_A0051,Cc1n(C)nc(C(F)(F)C(F)(F)C(F)(F)C(F)(F)C(F)(F)C(F)(F)C(F)(F)C(F)(F)F)[n+]1C.[O-][Cl+3]([O-])([O-])[O-],294
C0277_A0020,Cc1n(C)nc(C(F)(F)C(F)(F)C(F)(F)C(F)(F)C(F)(F)C(F)(F)C(F)(F)C(F)(F)F)[n+]1C.F[B-](F)(F)F,306
C0277_A0048,Cc1n(C)nc(C(F)(F)C(F)(F)C(F)(F)C(F)(F)C(F)(F)C(F)(F)C(F)(F)C(F)(F)F)[n+]1C.O=S(=O)([N-]S(=O)(=O)C(F)(F)F)C(F)(F)F,313
C0801_A0051,Cc1n(C)c(C(F)(F)F)n[n+]1C.[O-][Cl+3]([O-])([O-])[O-],270
C0801_A0020,Cc1n(C)c(C(F)(F)F)n[n+]1C.F[B-](F)(F)F,326
C0801_A0048,Cc1n(C)c(C(F)(F)F)n[n+]1C.O=S(=O)([N-]S(=O)(=O)C(F)(F)F)C(F)(F)F,368
C0801_A0084,Cc1n(C)c(C(F)(F)F)n[n+]1C.O=S(=O)([O-])C(F)(F)F,324
C0902_A0090,Cn1cc[n+](N)n1.O=[N+]([O-])[O-],185
C0902_A0073,Cn1cc[n+](N)n1.[N-]=[N+]=[N-],156
C0298_A0090,CCn1cc[n+](N)n1.O=[N+]([O-])[O-],165
C0154_A0090,CCCn1cc[n+](N)n1.O=[N+]([O-])[O-],165
C1370_A0090,C/C=C/[n+]1ccn(N)n1.O=[N+]([O-])[O-],135
C0216_A0090,CCCCn1cc[n+](N)n1.O=[N+]([O-])[O-],175
C1353_A0073,Nn1cn[n+](CCO)c1.[N-]=[N+]=[N-],129
C1369_A0073,C=CC[n+]1cn(N)cn1.[N-]=[N+]=[N-],109
C0936_A0073,C=CCn1cc[n+](N)n1.[N-]=[N+]=[N-],114
C0405_A0004,Nn1cn[n+](CCBr)c1.[Br-],154
C0411_A0079,C[N+]1(C)CCCC1.O=S(=O)([O-])C(F)(F)C(F)(F)C(F)(F)C(F)(F)F,360
C0876_A0079,CC[N+]1(C)CCCC1.O=S(=O)([O-])C(F)(F)C(F)(F)C(F)(F)C(F)(F)F,350
C0315_A0008,CCCC[N+]1(C)CCCC1.F[B-](F)(F)C(F)(F)F,236
C0315_A0043,CCCC[N+]1(C)CCCC1.F[B-](F)(F)C(F)(F)C(F)(F)F,311
C0315_A0009,CCCC[N+]1(C)CCCC1.F[B-](F)(F)C(F)(F)C(F)(F)C(F)(F)F,327
C0315_A0021,CCCC[N+]1(C)CCCC1.F[B-](F)(F)C(F)(F)C(F)(F)C(F)(F)C(F)(F)F,324
C0315_A0079,CCCC[N+]1(C)CCCC1.O=S(=O)([O-])C(F)(F)C(F)(F)C(F)(F)C(F)(F)F,350
C0315_A0071,CCCC[N+]1(C)CCCC1.FC(F)(F)C(F)(F)[P-](F)(F)(F)(C(F)(F)C(F)(F)F)C(F)(F)C(F)(F)F,250
C0315_A0087,CC(=O)[O-].CCCC[N+]1(C)CCCC1,150
C0821_A0079,CCCCCC[N+]1(C)CCCC1.O=S(=O)([O-])C(F)(F)C(F)(F)C(F)(F)C(F)(F)F,350
C1153_A0048,COC(=O)C[N+]1(C)CCCC1.O=S(=O)([N-]S(=O)(=O)C(F)(F)F)C(F)(F)F,290
C0397_A0079,CCCCC[N+]1(C)CCCC1.O=S(=O)([O-])C(F)(F)C(F)(F)C(F)(F)C(F)(F)F,350
C1091_A0020,COC[N+]1(C)CCCC1.F[B-](F)(F)F,290
C1091_A0048,COC[N+]1(C)CCCC1.O=S(=O)([N-]S(=O)(=O)C(F)(F)F)C(F)(F)F,269
C1091_A0008,COC[N+]1(C)CCCC1.F[B-](F)(F)C(F)(F)F,227
C1091_A0043,COC[N+]1(C)CCCC1.F[B-](F)(F)C(F)(F)C(F)(F)F,299
C1465_A0020,CO[C@H](C)[N+]1(C)CCCC1.F[B-](F)(F)F,390
C1465_A0048,CO[C@H](C)[N+]1(C)CCCC1.O=S(=O)([N-]S(=O)(=O)C(F)(F)F)C(F)(F)F,416
C1465_A0008,CO[C@H](C)[N+]1(C)CCCC1.F[B-](F)(F)C(F)(F)F,232
C1465_A0043,CO[C@H](C)[N+]1(C)CCCC1.F[B-](F)(F)C(F)(F)C(F)(F)F,289
C1308_A0048,CCOCC[N+]1(C)CCCC1.O=S(=O)([N-]S(=O)(=O)C(F)(F)F)C(F)(F)F,325
C1368_A0048,C=CC[N+]1(C)CCCC1.O=S(=O)([N-]S(=O)(=O)C(F)(F)F)C(F)(F)F,321
C1337_A0048,C=CC[N+]1(CC=C)CCCC1.O=S(=O)([N-]S(=O)(=O)C(F)(F)F)C(F)(F)F,302
C0044_A0048,CC[N+]1(CC(=O)OC)CCCCC1.O=S(=O)([N-]S(=O)(=O)C(F)(F)F)C(F)(F)F,335
C0728_A0020,COCC[N+]1(C)CCCCC1.F[B-](F)(F)F,387
C0728_A0048,COCC[N+]1(C)CCCCC1.O=S(=O)([N-]S(=O)(=O)C(F)(F)F)C(F)(F)F,417
C0728_A0008,COCC[N+]1(C)CCCCC1.F[B-](F)(F)C(F)(F)F,234
C0728_A0043,COCC[N+]1(C)CCCCC1.F[B-](F)(F)C(F)(F)C(F)(F)F,301
C0728_A0009,COCC[N+]1(C)CCCCC1.F[B-](F)(F)C(F)(F)C(F)(F)C(F)(F)F,297
C0728_A0021,COCC[N+]1(C)CCCCC1.F[B-](F)(F)C(F)(F)C(F)(F)C(F)(F)C(F)(F)F,298
C0137_A0020,CCCC[N+]1(C)CCCCC1.F[B-](F)(F)F,403
C0137_A0008,CCCC[N+]1(C)CCCCC1.F[B-](F)(F)C(F)(F)F,244
C0137_A0043,CCCC[N+]1(C)CCCCC1.F[B-](F)(F)C(F)(F)C(F)(F)F,308
C0137_A0009,CCCC[N+]1(C)CCCCC1.F[B-](F)(F)C(F)(F)C(F)(F)C(F)(F)F,325
C0137_A0021,CCCC[N+]1(C)CCCCC1.F[B-](F)(F)C(F)(F)C(F)(F)C(F)(F)C(F)(F)F,323
C1367_A0048,C=CC[N+]1(C)CCCCC1.O=S(=O)([N-]S(=O)(=O)C(F)(F)F)C(F)(F)F,345
C1336_A0048,C=CC[N+]1(CC=C)CCCCC1.O=S(=O)([N-]S(=O)(=O)C(F)(F)F)C(F)(F)F,339
C0734_A0020,CCCC[n+]1ccccc1.F[B-](F)(F)F,342
C0734_A0048,CCCC[n+]1ccccc1.O=S(=O)([N-]S(=O)(=O)C(F)(F)F)C(F)(F)F,404
C0734_A0031,CCCC[n+]1ccccc1.O=C([O-])c1ccccc1,234
C0845_A0031,CCCC[n+]1ccc(C)cc1.O=C([O-])c1ccccc1,229
C0062_A0031,CC[n+]1ccccc1.O=C([O-])c1ccccc1,227
C0310_A0056,C[S+](C)C.N#C[N-]C#N,183
C0598_A0056,CC[S+](CC)CC.N#C[N-]C#N,180
C0729_A0056,CC[S+](C)C.N#C[N-]C#N,182
C1280_A0056,CC[S+](C)CC.N#C[N-]C#N,176
C1452_A0056,CCC[S+](C)CCC.N#C[N-]C#N,178
C1451_A0056,CCCC[S+](C)CCCC.N#C[N-]C#N,178
C1435_A0056,CCC[S+](CC)CCC.N#C[N-]C#N,176
C1434_A0056,CCCC[S+](CC)CCCC.N#C[N-]C#N,179
C0985_A0048,C[N+](C)(C)C.O=S(=O)([N-]S(=O)(=O)C(F)(F)F)C(F)(F)F,380
C0687_A0033,CC[N+](CC)(CC)CC.[Cl-],264
C0687_A0048,CC[N+](CC)(CC)CC.O=S(=O)([N-]S(=O)(=O)C(F)(F)F)C(F)(F)F,439
C0687_A0067,CC[N+](CC)(CC)CC.O=S(=O)([N-]S(=O)(=O)C(F)(F)C(F)(F)F)C(F)(F)C(F)(F)F,423
C0687_A0003,CC[N+](CC)(CC)CC.O=S(=O)([C-](S(=O)(=O)C(F)(F)F)S(=O)(=O)C(F)(F)F)C(F)(F)F,411
C0687_A0011,CC[N+](CC)(CC)CC.F[P-](F)(F)(F)(F)F,388
C1226_A0048,CCCCCCCC[N+](CC)(CC)CC.O=S(=O)([N-]S(=O)(=O)C(F)(F)F)C(F)(F)F,397
C0297_A0048,CCCC[N+](CCCC)(CCCC)CCCC.O=S(=O)([N-]S(=O)(=O)C(F)(F)F)C(F)(F)F,403
C0297_A0003,CCCC[N+](CCCC)(CCCC)CCCC.O=S(=O)([C-](S(=O)(=O)C(F)(F)F)S(=O)(=O)C(F)(F)F)C(F)(F)F,403
C0446_A0048,CC[N+](C)(C)CO[C@H]1C[C@@H](C)CC[C@@H]1C(C)C.O=S(=O)([N-]S(=O)(=O)C(F)(F)F)C(F)(F)F,199
C0394_A0048,CCCC[N+](C)(C)CO[C@H]1C[C@@H](C)CC[C@@H]1C(C)C.O=S(=O)([N-]S(=O)(=O)C(F)(F)F)C(F)(F)F,200
C0179_A0048,CCCCCC[N+](C)(C)CO[C@H]1C[C@@H](C)CC[C@@H]1C(C)C.O=S(=O)([N-]S(=O)(=O)C(F)(F)F)C(F)(F)F,200
C0864_A0048,CCCCCCC[N+](C)(C)CO[C@H]1C[C@@H](C)CC[C@@H]1C(C)C.O=S(=O)([N-]S(=O)(=O)C(F)(F)F)C(F)(F)F,202
C0099_A0048,CCCCCCCC[N+](C)(C)CO[C@@H]1C[C@H](C)CC[C@H]1C(C)C.O=S(=O)([N-]S(=O)(=O)C(F)(F)F)C(F)(F)F,200
C0962_A0048,CCCCCCCCC[N+](C)(C)CO[C@@H]1C[C@H](C)CC[C@H]1C(C)C.O=S(=O)([N-]S(=O)(=O)C(F)(F)F)C(F)(F)F,199
C0662_A0048,CCCCCCCCCC[N+](C)(C)CO[C@H]1C[C@@H](C)CC[C@@H]1C(C)C.O=S(=O)([N-]S(=O)(=O)C(F)(F)F)C(F)(F)F,200
C0823_A0048,CCCCCCCCCCC[N+](C)(C)CO[C@H]1C[C@@H](C)CC[C@@H]1C(C)C.O=S(=O)([N-]S(=O)(=O)C(F)(F)F)C(F)(F)F,206
C0213_A0048,CC[N+](C)(CC)CO[C@H]1C[C@@H](C)CC[C@@H]1C(C)C.O=S(=O)([N-]S(=O)(=O)C(F)(F)F)C(F)(F)F,197
C0686_A0048,CC[N+](CC)(CC)CO[C@H]1C[C@@H](C)CC[C@@H]1C(C)C.O=S(=O)([N-]S(=O)(=O)C(F)(F)F)C(F)(F)F,179
C0272_A0020,CCC[N+](C)(CC)CC.F[B-](F)(F)F,393
C0272_A0048,CCC[N+](C)(CC)CC.O=S(=O)([N-]S(=O)(=O)C(F)(F)F)C(F)(F)F,404
C0272_A0008,CCC[N+](C)(CC)CC.F[B-](F)(F)C(F)(F)F,252
C0272_A0043,CCC[N+](C)(CC)CC.F[B-](F)(F)C(F)(F)C(F)(F)F,315
C0272_A0009,CCC[N+](C)(CC)CC.F[B-](F)(F)C(F)(F)C(F)(F)C(F)(F)F,315
C0272_A0021,CCC[N+](C)(CC)CC.F[B-](F)(F)C(F)(F)C(F)(F)C(F)(F)C(F)(F)F,273
C0981_A0020,CCCC[N+](C)(CC)CC.F[B-](F)(F)F,392
C0981_A0008,CCCC[N+](C)(CC)CC.F[B-](F)(F)C(F)(F)F,212
C0981_A0043,CCCC[N+](C)(CC)CC.F[B-](F)(F)C(F)(F)C(F)(F)F,320
C0981_A0009,CCCC[N+](C)(CC)CC.F[B-](F)(F)C(F)(F)C(F)(F)C(F)(F)F,307
C0981_A0021,CCCC[N+](C)(CC)CC.F[B-](F)(F)C(F)(F)C(F)(F)C(F)(F)C(F)(F)F,314
C0452_A0020,COCC[N+](C)(C)C.F[B-](F)(F)F,376
C0452_A0048,COCC[N+](C)(C)C.O=S(=O)([N-]S(=O)(=O)C(F)(F)F)C(F)(F)F,382
C0452_A0008,COCC[N+](C)(C)C.F[B-](F)(F)C(F)(F)F,186
C0452_A0043,COCC[N+](C)(C)C.F[B-](F)(F)C(F)(F)C(F)(F)F,326
C0452_A0009,COCC[N+](C)(C)C.F[B-](F)(F)C(F)(F)C(F)(F)C(F)(F)F,284
C0452_A0021,COCC[N+](C)(C)C.F[B-](F)(F)C(F)(F)C(F)(F)C(F)(F)C(F)(F)F,307
C0918_A0020,CC[N+](C)(C)CCOC.F[B-](F)(F)F,377
C0918_A0048,CC[N+](C)(C)CCOC.O=S(=O)([N-]S(=O)(=O)C(F)(F)F)C(F)(F)F,388
C0918_A0043,CC[N+](C)(C)CCOC.F[B-](F)(F)C(F)(F)C(F)(F)F,307
C0918_A0021,CC[N+](C)(C)CCOC.F[B-](F)(F)C(F)(F)C(F)(F)C(F)(F)C(F)(F)F,283
C0918_A0008,CC[N+](C)(C)CCOC.F[B-](F)(F)C(F)(F)F,163
C0918_A0009,CC[N+](C)(C)CCOC.F[B-](F)(F)C(F)(F)C(F)(F)C(F)(F)F,291
C0406_A0020,CC[N+](C)(CC)CCOC.F[B-](F)(F)F,372
C0406_A0048,CC[N+](C)(CC)CCOC.O=S(=O)([N-]S(=O)(=O)C(F)(F)F)C(F)(F)F,390
C0406_A0043,CC[N+](C)(CC)CCOC.F[B-](F)(F)C(F)(F)C(F)(F)F,322
C0406_A0008,CC[N+](C)(CC)CCOC.F[B-](F)(F)C(F)(F)F,174
C0406_A0009,CC[N+](C)(CC)CCOC.F[B-](F)(F)C(F)(F)C(F)(F)C(F)(F)F,275
C0406_A0021,CC[N+](C)(CC)CCOC.F[B-](F)(F)C(F)(F)C(F)(F)C(F)(F)C(F)(F)F,287
C0260_A0020,CC[N+](CC)(CC)CCOC.F[B-](F)(F)F,372
C0260_A0048,CC[N+](CC)(CC)CCOC.O=S(=O)([N-]S(=O)(=O)C(F)(F)F)C(F)(F)F,386
C0260_A0008,CC[N+](CC)(CC)CCOC.F[B-](F)(F)C(F)(F)F,210
C0260_A0043,CC[N+](CC)(CC)CCOC.F[B-](F)(F)C(F)(F)C(F)(F)F,345
C0260_A0009,CC[N+](CC)(CC)CCOC.F[B-](F)(F)C(F)(F)C(F)(F)C(F)(F)F,351
C0260_A0021,CC[N+](CC)(CC)CCOC.F[B-](F)(F)C(F)(F)C(F)(F)C(F)(F)C(F)(F)F,305
C0979_A0026,CCCCCCCC[N+](C)(CCCCCCCC)CCCCCCCC.[BH4-],144
C0979_A0020,CCCCCCCC[N+](C)(CCCCCCCC)CCCCCCCC.F[B-](F)(F)F,294
C0979_A0048,CCCCCCCC[N+](C)(CCCCCCCC)CCCCCCCC.O=S(=O)([N-]S(=O)(=O)C(F)(F)F)C(F)(F)F,367
C0979_A0090,CCCCCCCC[N+](C)(CCCCCCCC)CCCCCCCC.O=[N+]([O-])[O-],202
C0979_A0007,CCCCCCCC[N+](C)(CCCCCCCC)CCCCCCCC.O=C1[N-]S(=O)(=O)c2ccccc21,205
C0979_A0030,CCCCCCCC[N+](C)(CCCCCCCC)CCCCCCCC.Cc1ccc(S(=O)(=O)[O-])cc1,241
C0979_A0017,CCCCCCCC[N+](C)(CCCCCCCC)CCCCCCCC.O=S(=O)([O-])O,196
C0979_A0011,CCCCCCCC[N+](C)(CCCCCCCC)CCCCCCCC.F[P-](F)(F)(F)(F)F,274
C0979_A0012,CCCCCCCC[N+](C)(CCCCCCCC)CCCCCCCC.O=P([O-])(O)O,176
C0979_A0087,CC(=O)[O-].CCCCCCCC[N+](C)(CCCCCCCC)CCCCCCCC,175
C0979_A0064,CCCCCCCC[N+](C)(CCCCCCCC)CCCCCCCC.O=C([O-])C(F)(F)F,183
C0979_A0031,CCCCCCCC[N+](C)(CCCCCCCC)CCCCCCCC.O=C([O-])c1ccccc1,161
C0979_A0024,CCCCCCCC[N+](C)(CCCCCCCC)CCCCCCCC.O=C[O-],174
C0979_A0070,CCCCCCCC[N+](C)(CCCCCCCC)CCCCCCCC.O=C([O-])O,176
C0979_A0173,C/C=C/C(=O)[O-].CCCCCCCC[N+](C)(CCCCCCCC)CCCCCCCC,183
C0979_A0174,CCCCCCCC[N+](C)(CCCCCCCC)CCCCCCCC.O=C([O-])c1ccccc1S,202
C0979_A0158,CCCCCC(=O)[O-].CCCCCCCC[N+](C)(CCCCCCCC)CCCCCCCC,148
C0176_A0048,CCCCCCCC[N+]12CCN(CC1)CC2.O=S(=O)([N-]S(=O)(=O)C(F)(F)F)C(F)(F)F,150
C0036_A0010,CCC[NH2+]CCC.O=C([CH-]C(=O)C(F)(F)F)C(F)(F)F,134
C0036_A0037,CC(C)(C)C(=O)[CH-]C(=O)C(F)(F)C(F)(F)C(F)(F)F.CCC[NH2+]CCC,101
C0287_A0010,CCCC[NH2+]CCCC.O=C([CH-]C(=O)C(F)(F)F)C(F)(F)F,149
C0287_A0005,CCCC[NH2+]CCCC.O=C([CH-]C(=O)C(F)(F)F)c1cccs1,149
C0779_A0005,CC(C)C[NH2+]CC(C)C.O=C([CH-]C(=O)C(F)(F)F)c1cccs1,186
C0225_A0020,F[B-](F)(F)F.O=C1CCCCC[NH2+]1,239
C0225_A0090,O=C1CCCCC[NH2+]1.O=[N+]([O-])[O-],188
C0225_A0064,O=C([O-])C(F)(F)F.O=C1CCCCC[NH2+]1,135
C0225_A0031,O=C([O-])c1ccccc1.O=C1CCCCC[NH2+]1,118
C0225_A0089,O=C([O-])CCl.O=C1CCCCC[NH2+]1,117
C0873_A0020,F[B-](F)(F)F.O=C1CCC[NH2+]1,233
C0873_A0090,O=C1CCC[NH2+]1.O=[N+]([O-])[O-],168
C0873_A0064,O=C([O-])C(F)(F)F.O=C1CCC[NH2+]1,125
C0873_A0031,O=C([O-])c1ccccc1.O=C1CCC[NH2+]1,163
C0873_A0012,O=C1CCC[NH2+]1.O=P([O-])(O)O,249
C0329_A0017,C[N+](C)(C)CCCCS(=O)(=O)O.O=S(=O)([O-])O,346
C0329_A0175,C[N+](C)(C)CCCCS(=O)(=O)O.Cc1ccccc1S(=O)(=O)[O-],333
C0695_A0056,CC[N+](CC)(CC)Cc1ccccc1.N#C[N-]C#N,236
C0695_A0030,CC[N+](CC)(CC)Cc1ccccc1.Cc1ccc(S(=O)(=O)[O-])cc1,280
C0695_A0064,CC[N+](CC)(CC)Cc1ccccc1.O=C([O-])C(F)(F)F,199
C0695_A0007,CC[N+](CC)(CC)Cc1ccccc1.O=C1[N-]S(=O)(=O)c2ccccc21,209
C0695_A0015,CC[N+](CC)(CC)Cc1ccccc1.N#C[S-],88
C1056_A0056,C[N+](C)(C)c1ccccc1.N#C[N-]C#N,195
C1056_A0030,C[N+](C)(C)c1ccccc1.Cc1ccc(S(=O)(=O)[O-])cc1,275
C1056_A0064,C[N+](C)(C)c1ccccc1.O=C([O-])C(F)(F)F,182
C1056_A0015,C[N+](C)(C)c1ccccc1.N#C[S-],116
C1488_A0048,CCCCC[N+](CC)(CC)CC.O=S(=O)([N-]S(=O)(=O)C(F)(F)F)C(F)(F)F,385
C0542_A0033,C[N+](C)(Cc1ccccc1)Cc1ccccc1.[Cl-],194
C0542_A0004,C[N+](C)(Cc1ccccc1)Cc1ccccc1.[Br-],191
C0542_A0020,C[N+](C)(Cc1ccccc1)Cc1ccccc1.F[B-](F)(F)F,317
C0542_A0011,C[N+](C)(Cc1ccccc1)Cc1ccccc1.F[P-](F)(F)(F)(F)F,316
C0205_A0033,Cc1ccccc1C[N+](C)(C)Cc1ccccc1C.[Cl-],191
C0205_A0020,Cc1ccccc1C[N+](C)(C)Cc1ccccc1C.F[B-](F)(F)F,277
C0205_A0011,Cc1ccccc1C[N+](C)(C)Cc1ccccc1C.F[P-](F)(F)(F)(F)F,287
C0035_A0033,Cc1cccc(C[N+](C)(C)Cc2cccc(C)c2)c1.[Cl-],191
C0035_A0020,Cc1cccc(C[N+](C)(C)Cc2cccc(C)c2)c1.F[B-](F)(F)F,310
C0035_A0011,Cc1cccc(C[N+](C)(C)Cc2cccc(C)c2)c1.F[P-](F)(F)(F)(F)F,295
C1058_A0033,Cc1ccc(C[N+](C)(C)Cc2ccc(C)cc2)cc1.[Cl-],201
C1058_A0020,Cc1ccc(C[N+](C)(C)Cc2ccc(C)cc2)cc1.F[B-](F)(F)F,290
C1058_A0004,Cc1ccc(C[N+](C)(C)Cc2ccc(C)cc2)cc1.[Br-],195
C1058_A0011,Cc1ccc(C[N+](C)(C)Cc2ccc(C)cc2)cc1.F[P-](F)(F)(F)(F)F,290
C0313_A0004,CCCC[N+](C)(C)CCCC.[Br-],226
C0313_A0011,CCCC[N+](C)(C)CCCC.F[P-](F)(F)(F)(F)F,342
C1415_A0056,CCCCCCN(CCCCCC)C(N(CCCCCC)CCCCCC)=[N+](C)C.N#C[N-]C#N,250
C1415_A0030,CCCCCCN(CCCCCC)C(N(CCCCCC)CCCCCC)=[N+](C)C.Cc1ccc(S(=O)(=O)[O-])cc1,200
C1415_A0064,CCCCCCN(CCCCCC)C(N(CCCCCC)CCCCCC)=[N+](C)C.O=C([O-])C(F)(F)F,190
C1415_A0015,CCCCCCN(CCCCCC)C(N(CCCCCC)CCCCCC)=[N+](C)C.N#C[S-],275
C0268_A0090,CCCC[N+](C)=C(N(C)C)N(C)C.O=[N+]([O-])[O-],314
C0268_A0063,CCCC[N+](C)=C(N(C)C)N(C)C.O=[N+]([O-])[N-][N+](=O)[O-],196
C0641_A0090,Cn1cnn(C)c1=[N+](C)C.O=[N+]([O-])[O-],229
C1366_A0051,CCCC/[N+](=c/1n(C)cnn1C)/C.[O-][Cl+3]([O-])([O-])[O-],284
C1366_A0090,CCCC/[N+](=c/1n(C)cnn1C)/C.O=[N+]([O-])[O-],211
C1366_A0063,CCCC/[N+](=c/1n(C)cnn1C)/C.O=[N+]([O-])[N-][N+](=O)[O-],197
C1152_A0051,CCC[NH+]=C1N(C)CCN1C.[O-][Cl+3]([O-])([O-])[O-],271
C0046_A0090,CCC[N+](C)=C1N(C)CCN1C.O=[N+]([O-])[O-],272
C0164_A0051,CCCC[N+](C)=C1N(C)CCN1C.[O-][Cl+3]([O-])([O-])[O-],303
C0164_A0090,CCCC[N+](C)=C1N(C)CCN1C.O=[N+]([O-])[O-],246
C1363_A0051,CCC[NH+]=C1N(C)CCCN1C.[O-][Cl+3]([O-])([O-])[O-],265
C1029_A0051,CCC[N+](C)=C1N(C)CCCN1C.[O-][Cl+3]([O-])([O-])[O-],273
C1029_A0090,CCC[N+](C)=C1N(C)CCCN1C.O=[N+]([O-])[O-],308
C0568_A0051,CCCC[N+](C)=C1N(C)CCCN1C.[O-][Cl+3]([O-])([O-])[O-],276
C1019_A0051,CCC[N+](C)=C1N(C)COCN1C.[O-][Cl+3]([O-])([O-])[O-],244
C1019_A0090,CCC[N+](C)=C1N(C)COCN1C.O=[N+]([O-])[O-],238
C0926_A0048,C[P+](C)(C)C.O=S(=O)([N-]S(=O)(=O)C(F)(F)F)C(F)(F)F,420
C1119_A0079,CCCCCCCCCCCCCC[P+](CCCCCC)(CCCCCC)CCCCCC.O=S(=O)([O-])C(F)(F)C(F)(F)C(F)(F)C(F)(F)F,390
C1119_A0048,CCCCCCCCCCCCCC[P+](CCCCCC)(CCCCCC)CCCCCC.O=S(=O)([N-]S(=O)(=O)C(F)(F)F)C(F)(F)F,400
C1119_A0031,CCCCCCCCCCCCCC[P+](CCCCCC)(CCCCCC)CCCCCC.O=C([O-])c1ccccc1,218
C1119_A0056,CCCCCCCCCCCCCC[P+](CCCCCC)(CCCCCC)CCCCCC.N#C[N-]C#N,395
C1119_A0055,CCCCCCCCCCCCCC[P+](CCCCCC)(CCCCCC)CCCCCC.N#C[C-](C#N)C#N,415
C1119_A0178,CCCCCCCCCCCCCC[P+](CCCCCC)(CCCCCC)CCCCCC.COC(=S)[S-],290
C1199_A0141,CCCC[P+](CCCC)(CCCC)CCCC.NCC(=O)[O-],200
C1199_A0134,CCCC[P+](CCCC)(CCCC)CCCC.C[C@H](N)C(=O)[O-],202
C1199_A0146,CCCC[P+](CCCC)(CCCC)CCCC.N[C@@H](CO)C(=O)[O-],220
C1199_A0142,CCCC[P+](CCCC)(CCCC)CCCC.NCCCC[C@H](N)C(=O)[O-],225
C0189_A0049,CC1=CC(=O)[N-]S(=O)(=O)O1.CCCCCC[P+](CC)(CCCCCC)CCCCCC,184
C1476_A0049,CC1=CC(=O)[N-]S(=O)(=O)O1.CCCCCC[P+](CCC)(CCCCCC)CCCCCC,185
C1416_A0049,CC1=CC(=O)[N-]S(=O)(=O)O1.CCCCCC[P+](CCCC)(CCCCCC)CCCCCC,186
C0455_A0049,CC1=CC(=O)[N-]S(=O)(=O)O1.CCCCCC[P+](CCCCCC)(CCCCCC)CCCCCC,212
C1445_A0049,CC1=CC(=O)[N-]S(=O)(=O)O1.CCCCCCC[P+](CCCCCC)(CCCCCC)CCCCCC,220
C1475_A0049,CC1=CC(=O)[N-]S(=O)(=O)O1.CCCCCCCC[P+](CCCCCC)(CCCCCC)CCCCCC,194
C1423_A0049,CC1=CC(=O)[N-]S(=O)(=O)O1.CCCCCCCCCC[P+](CCCCCC)(CCCCCC)CCCCCC,213
C1432_A0049,CC1=CC(=O)[N-]S(=O)(=O)O1.CCCCCCCCCCCC[P+](CCCCCC)(CCCCCC)CCCCCC,203
C1446_A0049,CC1=CC(=O)[N-]S(=O)(=O)O1.CCCCCCCCCCCCCCCC[P+](CCCCCC)(CCCCCC)CCCCCC,210
C0990_A0031,CCCC[P+](c1ccccc1)(c1ccccc1)c1ccccc1.O=C([O-])c1ccccc1,236
C1210_A0048,CCCCCCCC[P+](CC)(CC)CC.O=S(=O)([N-]S(=O)(=O)C(F)(F)F)C(F)(F)F,400
C0722_A0071,CCOC(N(C)C)=[N+](C)C.FC(F)(F)C(F)(F)[P-](F)(F)(F)(C(F)(F)C(F)(F)F)C(F)(F)C(F)(F)F,220
C1044_A0020,C[N+]1(CCO)CCOCC1.F[B-](F)(F)F,300
C1044_A0048,C[N+]1(CCO)CCOCC1.O=S(=O)([N-]S(=O)(=O)C(F)(F)F)C(F)(F)F,370
C1044_A0011,C[N+]1(CCO)CCOCC1.F[P-](F)(F)(F)(F)F,280
C1456_A0048,COC(=O)C[N+]1(C)CCOCC1.O=S(=O)([N-]S(=O)(=O)C(F)(F)F)C(F)(F)F,310
C0318_A0051,CCC[N+]1(C)CCOCC1.[O-][Cl+3]([O-])([O-])[O-],312
C0318_A0090,CCC[N+]1(C)CCOCC1.O=[N+]([O-])[O-],285
C0318_A0048,CCC[N+]1(C)CCOCC1.O=S(=O)([N-]S(=O)(=O)C(F)(F)F)C(F)(F)F,200
C0318_A0011,CCC[N+]1(C)CCOCC1.F[P-](F)(F)(F)(F)F,200
C0700_A0051,C[N+]1(CCCF)CCOCC1.[O-][Cl+3]([O-])([O-])[O-],276
C0700_A0048,C[N+]1(CCCF)CCOCC1.O=S(=O)([N-]S(=O)(=O)C(F)(F)F)C(F)(F)F,342
C0700_A0090,C[N+]1(CCCF)CCOCC1.O=[N+]([O-])[O-],289
C0700_A0084,C[N+]1(CCCF)CCOCC1.O=S(=O)([O-])C(F)(F)F,293
C0700_A0011,C[N+]1(CCCF)CCOCC1.F[P-](F)(F)(F)(F)F,196
C1463_A0048,CCO[C@H](C)[N+]1(C)CCOCC1.O=S(=O)([N-]S(=O)(=O)C(F)(F)F)C(F)(F)F,389
C0793_A0048,C[N+]1(CCOCC(F)(F)F)CCOCC1.O=S(=O)([N-]S(=O)(=O)C(F)(F)F)C(F)(F)F,412
C0793_A0090,C[N+]1(CCOCC(F)(F)F)CCOCC1.O=[N+]([O-])[O-],277
C0793_A0011,C[N+]1(CCOCC(F)(F)F)CCOCC1.F[P-](F)(F)(F)(F)F,268
C1473_A0048,CCCCCO[C@H](C)[N+]1(C)CCOCC1.O=S(=O)([N-]S(=O)(=O)C(F)(F)F)C(F)(F)F,410
C1457_A0048,C[N+]1([C@H](OCCC(F)(F)C(F)(F)C(F)F)C(F)F)CCOCC1.O=S(=O)([N-]S(=O)(=O)C(F)(F)F)C(F)(F)F,400
C1457_A0011,C[N+]1([C@H](OCCC(F)(F)C(F)(F)C(F)F)C(F)F)CCOCC1.F[P-](F)(F)(F)(F)F,260
C0440_A0010,C1COCC[NH2+]1.O=C([CH-]C(=O)C(F)(F)F)C(F)(F)F,184
C0440_A0037,C1COCC[NH2+]1.CC(C)(C)C(=O)[CH-]C(=O)C(F)(F)C(F)(F)C(F)(F)F,176
C0440_A0036,C1COCC[NH2+]1.O=C([CH-]C(=O)C(F)(F)F)c1ccco1,145
C0440_A0005,C1COCC[NH2+]1.O=C([CH-]C(=O)C(F)(F)F)c1cccs1,135
C1459_A0116,CC(=O)[CH-]C(=O)C(F)(F)F.CC(=O)[NH+]1CCOCC1,140
C1459_A0010,CC(=O)[NH+]1CCOCC1.O=C([CH-]C(=O)C(F)(F)F)C(F)(F)F,143
C1459_A0037,CC(=O)[NH+]1CCOCC1.CC(C)(C)C(=O)[CH-]C(=O)C(F)(F)C(F)(F)C(F)(F)F,152
C1459_A0036,CC(=O)[NH+]1CCOCC1.O=C([CH-]C(=O)C(F)(F)F)c1ccco1,124
C0561_A0048,CC[N+]1(C)CCOCC1.O=S(=O)([N-]S(=O)(=O)C(F)(F)F)C(F)(F)F,410
C0750_A0048,CCCC[N+]1(C)CCOCC1.O=S(=O)([N-]S(=O)(=O)C(F)(F)F)C(F)(F)F,398
C0750_A0043,CCCC[N+]1(C)CCOCC1.F[B-](F)(F)C(F)(F)C(F)(F)F,303
C0750_A0009,CCCC[N+]1(C)CCOCC1.F[B-](F)(F)C(F)(F)C(F)(F)C(F)(F)F,317
C0750_A0021,CCCC[N+]1(C)CCOCC1.F[B-](F)(F)C(F)(F)C(F)(F)C(F)(F)C(F)(F)F,301
C1051_A0020,COCC[N+]1(C)CCOCC1.F[B-](F)(F)F,365
C1051_A0048,COCC[N+]1(C)CCOCC1.O=S(=O)([N-]S(=O)(=O)C(F)(F)F)C(F)(F)F,387
C1051_A0008,COCC[N+]1(C)CCOCC1.F[B-](F)(F)C(F)(F)F,232
C1051_A0043,COCC[N+]1(C)CCOCC1.F[B-](F)(F)C(F)(F)C(F)(F)F,306
C1051_A0009,COCC[N+]1(C)CCOCC1.F[B-](F)(F)C(F)(F)C(F)(F)C(F)(F)F,302
C1051_A0021,COCC[N+]1(C)CCOCC1.F[B-](F)(F)C(F)(F)C(F)(F)C(F)(F)C(F)(F)F,300
C1528_A0063,CN1N=N[NH+](N)[C@@H]1N.O=[N+]([O-])[N-][N+](=O)[O-],150
C0420_A0051,CC1=[NH+]N(C)NN1C.[O-][Cl+3]([O-])([O-])[O-],315
C0746_A0051,Cc1n(C)nn[n+]1N.[O-][Cl+3]([O-])([O-])[O-],182
C0746_A0090,Cc1n(C)nn[n+]1N.O=[N+]([O-])[O-],170
C0371_A0051,CC1=[NH+]N(N)NN1C.[O-][Cl+3]([O-])([O-])[O-],238
C0371_A0090,CC1=[NH+]N(N)NN1C.O=[N+]([O-])[O-],173
C1474_A0048,CCC[N@+]1(C)CCOC1.O=S(=O)([N-]S(=O)(=O)C(F)(F)F)C(F)(F)F,347
C1474_A0090,CCC[N@+]1(C)CCOC1.O=[N+]([O-])[O-],183
C1474_A0011,CCC[N@+]1(C)CCOC1.F[P-](F)(F)(F)(F)F,239
C1458_A0051,C[N@@+]1(CCCF)CCOC1.[O-][Cl+3]([O-])([O-])[O-],268
C1458_A0048,C[N@@+]1(CCCF)CCOC1.O=S(=O)([N-]S(=O)(=O)C(F)(F)F)C(F)(F)F,330
C1458_A0090,C[N@@+]1(CCCF)CCOC1.O=[N+]([O-])[O-],245
C1458_A0084,C[N@@+]1(CCCF)CCOC1.O=S(=O)([O-])C(F)(F)F,283
C1458_A0011,C[N@@+]1(CCCF)CCOC1.F[P-](F)(F)(F)(F)F,191
C1460_A0020,CCCC[N@+]1(C)CCOC1.F[B-](F)(F)F,322
C1460_A0048,CCCC[N@+]1(C)CCOC1.O=S(=O)([N-]S(=O)(=O)C(F)(F)F)C(F)(F)F,327
C1460_A0008,CCCC[N@+]1(C)CCOC1.F[B-](F)(F)C(F)(F)F,238
C1460_A0043,CCCC[N@+]1(C)CCOC1.F[B-](F)(F)C(F)(F)C(F)(F)F,292
C1460_A0009,CCCC[N@+]1(C)CCOC1.F[B-](F)(F)C(F)(F)C(F)(F)C(F)(F)F,307
C1460_A0021,CCCC[N@+]1(C)CCOC1.F[B-](F)(F)C(F)(F)C(F)(F)C(F)(F)C(F)(F)F,275
C1464_A0020,CO[C@H](C)[N@+]1(C)CCOC1.F[B-](F)(F)F,297
C1464_A0048,CO[C@H](C)[N@+]1(C)CCOC1.O=S(=O)([N-]S(=O)(=O)C(F)(F)F)C(F)(F)F,328
C1464_A0008,CO[C@H](C)[N@+]1(C)CCOC1.F[B-](F)(F)C(F)(F)F,226
C1464_A0043,CO[C@H](C)[N@+]1(C)CCOC1.F[B-](F)(F)C(F)(F)C(F)(F)F,293
C1464_A0009,CO[C@H](C)[N@+]1(C)CCOC1.F[B-](F)(F)C(F)(F)C(F)(F)C(F)(F)F,293
C1464_A0021,CO[C@H](C)[N@+]1(C)CCOC1.F[B-](F)(F)C(F)(F)C(F)(F)C(F)(F)C(F)(F)F,270
C0675_A0048,FC(F)(CC[n+]1ccccn1)C(F)(F)S(F)(F)(F)(F)F.O=S(=O)([N-]S(=O)(=O)C(F)(F)F)C(F)(F)F,300
C1410_A0048,FC(F)(CCCC[n+]1ccccn1)C(F)(F)S(F)(F)(F)(F)F.O=S(=O)([N-]S(=O)(=O)C(F)(F)F)C(F)(F)F,300
C1414_A0010,CC1(C)C=[NH+]C=N1.O=C([CH-]C(=O)C(F)(F)F)C(F)(F)F,215
C0778_A0090,O=[N+]([O-])[O-].[NH3+]CC(=O)O,192
C0778_A0033,[Cl-].[NH3+]CC(=O)O,195
C0778_A0020,F[B-](F)(F)F.[NH3+]CC(=O)O,220
C0778_A0011,F[P-](F)(F)(F)(F)F.[NH3+]CC(=O)O,157
C0784_A0020,C[C@H]([NH3+])C(=O)O.F[B-](F)(F)F,241
C0784_A0090,C[C@H]([NH3+])C(=O)O.O=[N+]([O-])[O-],168
C0784_A0064,C[C@H]([NH3+])C(=O)O.O=C([O-])C(F)(F)F,119
C0784_A0011,C[C@H]([NH3+])C(=O)O.F[P-](F)(F)(F)(F)F,176
C1487_A0090,C[C@@H](O)[C@H]([NH3+])C(=O)O.O=[N+]([O-])[O-],147
C0474_A0020,F[B-](F)(F)F.O=C(O)[C@@H]1CCC[NH2+]1,236
C0474_A0090,O=C(O)[C@@H]1CCC[NH2+]1.O=[N+]([O-])[O-],138
C0474_A0011,F[P-](F)(F)(F)(F)F.O=C(O)[C@@H]1CCC[NH2+]1,168
C0474_A0064,O=C(O)[C@@H]1CCC[NH2+]1.O=C([O-])C(F)(F)F,192
C0251_A0090,CC(C)[C@H]([NH3+])C(=O)O.O=[N+]([O-])[O-],169
C0023_A0090,CC[C@H](C)[C@H]([NH3+])C(=O)O.O=[N+]([O-])[O-],167
C0491_A0090,COC(=O)C[NH3+].O=[N+]([O-])[O-],178
C0914_A0090,CCOC(=O)C[NH3+].O=[N+]([O-])[O-],182
C1484_A0020,COC(=O)[C@@H](C)[NH3+].F[B-](F)(F)F,230
C1484_A0090,COC(=O)[C@@H](C)[NH3+].O=[N+]([O-])[O-],186
C1484_A0049,CC1=CC(=O)[N-]S(=O)(=O)O1.COC(=O)[C@@H](C)[NH3+],172
C1484_A0011,COC(=O)[C@@H](C)[NH3+].F[P-](F)(F)(F)(F)F,209
C1484_A0015,COC(=O)[C@@H](C)[NH3+].N#C[S-],139
C1480_A0090,COC(=O)[C@@H]([NH3+])CO.O=[N+]([O-])[O-],179
C1477_A0090,CC[NH2+][C@H](C)C(=O)OCC.O=[N+]([O-])[O-],187
C1479_A0090,COC(=O)[C@@H]([NH3+])[C@@H](C)O.O=[N+]([O-])[O-],156
C1485_A0020,COC(=O)[C@@H]1CCC[NH2+]1.F[B-](F)(F)F,234
C1485_A0090,COC(=O)[C@@H]1CCC[NH2+]1.O=[N+]([O-])[O-],159
C1485_A0011,COC(=O)[C@@H]1CCC[NH2+]1.F[P-](F)(F)(F)(F)F,221
C1483_A0090,COC(=O)[C@@H]([NH3+])C(C)C.O=[N+]([O-])[O-],195
C1478_A0090,CCOC(=O)[C@@H]1CCC[NH2+]1.O=[N+]([O-])[O-],183
C1482_A0090,CC[C@@H](C)[C@H]([NH3+])C(=O)OC.O=[N+]([O-])[O-],172
C0508_A0090,CC(C)C[C@H]([NH3+])C(=O)O.O=[N+]([O-])[O-],210
C1481_A0090,COC(=O)[C@@H]([NH3+])Cc1ccccc1.O=[N+]([O-])[O-],224
C1447_A0020,C1=C[NH2+]C=N1.F[B-](F)(F)F,363
C0582_A0020,C[NH+]1C=CN=C1.F[B-](F)(F)F,387
C1130_A0020,CC1=NC=C[NH+]1C.F[B-](F)(F)F,365
C0958_A0044,COS(=O)(=O)[O-].Cn1cc[n+](C)c1,396
C1086_A0044,COS(=O)(=O)[O-].Cc1n(C)cc[n+]1C,372
C0460_A0044,CC[n+]1ccn(C)c1.COS(=O)(=O)[O-],390
C0460_A0083,CCOS(=O)(=O)[O-].CC[n+]1ccn(C)c1,408
C0460_A0127,CC[n+]1ccn(C)c1.N#CC(C#N)=C[C-](C#N)C#N,341
C0460_A0130,CC(=C(C#N)C#N)[C-](C#N)C#N.CC[n+]1ccn(C)c1,254
C0460_A0126,CC[n+]1ccn(C)c1.N#CC(C#N)=C(C#N)[C-](C#N)C#N,327
C0460_A0128,CC[n+]1ccn(C)c1.N#CCC(=C(C#N)C#N)[C-](C#N)C#N,280
C0460_A0129,CC[n+]1ccn(C)c1.COC(=C(C#N)C#N)[C-](C#N)C#N,254
C0064_A0083,CCOS(=O)(=O)[O-].CCn1cc[n+](CC)c1,389
C0505_A0044,CCCC[n+]1ccn(C)c1.COS(=O)(=O)[O-],392
C0505_A0127,CCCC[n+]1ccn(C)c1.N#CC(C#N)=C[C-](C#N)C#N,295
C0505_A0130,CC(=C(C#N)C#N)[C-](C#N)C#N.CCCC[n+]1ccn(C)c1,261
C0505_A0126,CCCC[n+]1ccn(C)c1.N#CC(C#N)=C(C#N)[C-](C#N)C#N,302
C0505_A0128,CCCC[n+]1ccn(C)c1.N#CCC(=C(C#N)C#N)[C-](C#N)C#N,286
C0505_A0129,CCCC[n+]1ccn(C)c1.COC(=C(C#N)C#N)[C-](C#N)C#N,265
C0835_A0083,CCCC[n+]1ccn(CC)c1.CCOS(=O)(=O)[O-],387
C1378_A0048,Cc1cn(C)c[n+]1CCCC#N.O=S(=O)([N-]S(=O)(=O)C(F)(F)F)C(F)(F)F,384
C1378_A0020,Cc1cn(C)c[n+]1CCCC#N.F[B-](F)(F)F,265
C1378_A0033,Cc1cn(C)c[n+]1CCCC#N.[Cl-],255
C1378_A0011,Cc1cn(C)c[n+]1CCCC#N.F[P-](F)(F)(F)(F)F,275
C1378_A0056,Cc1cn(C)c[n+]1CCCC#N.N#C[N-]C#N,278
C0083_A0048,C[n+]1ccn(CCCC#N)c1.O=S(=O)([N-]S(=O)(=O)C(F)(F)F)C(F)(F)F,425
C0083_A0020,C[n+]1ccn(CCCC#N)c1.F[B-](F)(F)F,352
C0083_A0033,C[n+]1ccn(CCCC#N)c1.[Cl-],258
C0083_A0011,C[n+]1ccn(CCCC#N)c1.F[P-](F)(F)(F)(F)F,370
C0083_A0056,C[n+]1ccn(CCCC#N)c1.N#C[N-]C#N,289
C1408_A0004,CC[C@@H](N)[n+]1ccn(C)c1.[Br-],226
C1408_A0020,CC[C@@H](N)[n+]1ccn(C)c1.F[B-](F)(F)F,261
C1408_A0011,CC[C@@H](N)[n+]1ccn(C)c1.F[P-](F)(F)(F)(F)F,218
C1407_A0004,CC(C)C[C@@H](N)[n+]1ccn(C)c1.[Br-],270
C1407_A0020,CC(C)C[C@@H](N)[n+]1ccn(C)c1.F[B-](F)(F)F,281
C1407_A0011,CC(C)C[C@@H](N)[n+]1ccn(C)c1.F[P-](F)(F)(F)(F)F,287
C1406_A0004,CC(C)CC[C@@H](N)[n+]1ccn(C)c1.[Br-],267
C1406_A0020,CC(C)CC[C@@H](N)[n+]1ccn(C)c1.F[B-](F)(F)F,291
C1406_A0011,CC(C)CC[C@@H](N)[n+]1ccn(C)c1.F[P-](F)(F)(F)(F)F,287
C1405_A0004,CC[C@@H](C)C[C@@H](N)[n+]1ccn(C)c1.[Br-],268
C1405_A0020,CC[C@@H](C)C[C@@H](N)[n+]1ccn(C)c1.F[B-](F)(F)F,285
C1405_A0011,CC[C@@H](C)C[C@@H](N)[n+]1ccn(C)c1.F[P-](F)(F)(F)(F)F,281
C0811_A0044,CCC[n+]1ccn(C)c1.COS(=O)(=O)[O-],389
C0233_A0048,N#CCCC[n+]1ccccc1.O=S(=O)([N-]S(=O)(=O)C(F)(F)F)C(F)(F)F,274
C0233_A0020,F[B-](F)(F)F.N#CCCC[n+]1ccccc1,321
C0233_A0033,N#CCCC[n+]1ccccc1.[Cl-],224
C0233_A0011,F[P-](F)(F)(F)(F)F.N#CCCC[n+]1ccccc1,331
C0233_A0056,N#CCCC[n+]1ccccc1.N#C[N-]C#N,226
C1315_A0084,CCCCCCCC[n+]1ccccc1.O=S(=O)([O-])C(F)(F)F,280
C1315_A0048,CCCCCCCC[n+]1ccccc1.O=S(=O)([N-]S(=O)(=O)C(F)(F)F)C(F)(F)F,320
C1315_A0079,CCCCCCCC[n+]1ccccc1.O=S(=O)([O-])C(F)(F)C(F)(F)C(F)(F)C(F)(F)F,294
C1399_A0084,CCCCCCCC[n+]1ccccc1C.O=S(=O)([O-])C(F)(F)F,275
C1399_A0048,CCCCCCCC[n+]1ccccc1C.O=S(=O)([N-]S(=O)(=O)C(F)(F)F)C(F)(F)F,290
C1399_A0079,CCCCCCCC[n+]1ccccc1C.O=S(=O)([O-])C(F)(F)C(F)(F)C(F)(F)C(F)(F)F,292
C1297_A0084,CCCCCCCC[n+]1ccc(C)cc1.O=S(=O)([O-])C(F)(F)F,296
C1297_A0048,CCCCCCCC[n+]1ccc(C)cc1.O=S(=O)([N-]S(=O)(=O)C(F)(F)F)C(F)(F)F,300
C1297_A0020,CCCCCCCC[n+]1ccc(C)cc1.F[B-](F)(F)F,290
C1297_A0079,CCCCCCCC[n+]1ccc(C)cc1.O=S(=O)([O-])C(F)(F)C(F)(F)C(F)(F)C(F)(F)F,298
C1297_A0067,CCCCCCCC[n+]1ccc(C)cc1.O=S(=O)([N-]S(=O)(=O)C(F)(F)C(F)(F)F)C(F)(F)C(F)(F)F,325
C1297_A0148,CCCCCCCC[n+]1ccc(C)cc1.F[B-](F)(F)c1ccccc1,205
C1323_A0020,CCCCCCCC[n+]1cccc(C)c1.F[B-](F)(F)F,310
C1469_A0011,COC(=O)[C@@H]1CCC[N+]1(C)C.F[P-](F)(F)(F)(F)F,299
C1469_A0090,COC(=O)[C@@H]1CCC[N+]1(C)C.O=[N+]([O-])[O-],215
C1469_A0069,COC(=O)[C@@H]1CCC[N+]1(C)C.[I-],201
C1466_A0004,CCOC(=O)[C@@H]1CCC[N+]1(CC)CC.[Br-],185
C1466_A0020,CCOC(=O)[C@@H]1CCC[N+]1(CC)CC.F[B-](F)(F)F,323
C1466_A0011,CCOC(=O)[C@@H]1CCC[N+]1(CC)CC.F[P-](F)(F)(F)(F)F,338
C1466_A0090,CCOC(=O)[C@@H]1CCC[N+]1(CC)CC.O=[N+]([O-])[O-],216
C1466_A0069,CCOC(=O)[C@@H]1CCC[N+]1(CC)CC.[I-],195
C1468_A0020,CCOC(=O)[C@@H]1CCC[N+]1(C)C.F[B-](F)(F)F,324
C1468_A0011,CCOC(=O)[C@@H]1CCC[N+]1(C)C.F[P-](F)(F)(F)(F)F,339
C1468_A0090,CCOC(=O)[C@@H]1CCC[N+]1(C)C.O=[N+]([O-])[O-],210
C1468_A0069,CCOC(=O)[C@@H]1CCC[N+]1(C)C.[I-],188
C1467_A0004,CC[N+]1(CC)CCC[C@H]1C(=O)OC.[Br-],193
C1467_A0069,CC[N+]1(CC)CCC[C@H]1C(=O)OC.[I-],188
C0679_A0054,CS(=O)(=O)[O-].C[NH3+],260
C0843_A0054,CC[NH3+].CS(=O)(=O)[O-],289
C0600_A0020,CCCC[NH3+].F[B-](F)(F)F,311
C0600_A0054,CCCC[NH3+].CS(=O)(=O)[O-],292
C1448_A0020,CO[C@H](C)[NH3+].F[B-](F)(F)F,207
C1448_A0054,CO[C@H](C)[NH3+].CS(=O)(=O)[O-],282
C0449_A0087,CC(=O)[O-].[NH3+]CCO,166
C0449_A0024,O=C[O-].[NH3+]CCO,150
C0449_A0081,C[C@H](O)C(=O)[O-].[NH3+]CCO,247
C1461_A0048,CC[N+](C)(C)CCCC(F)(F)F.O=S(=O)([N-]S(=O)(=O)C(F)(F)F)C(F)(F)F,410
C1428_A0054,CS(=O)(=O)[O-].C[NH2+]C,278
C1450_A0020,CCCC[NH2+]C.F[B-](F)(F)F,350
C1166_A0054,CC[NH2+]CC.CS(=O)(=O)[O-],278
C0287_A0020,CCCC[NH2+]CCCC.F[B-](F)(F)F,330
C0287_A0054,CCCC[NH2+]CCCC.CS(=O)(=O)[O-],332
C1430_A0054,CC[NH+](C)C.CS(=O)(=O)[O-],296
C0473_A0020,CC[NH+](CC)CC.F[B-](F)(F)F,287
C0473_A0054,CC[NH+](CC)CC.CS(=O)(=O)[O-],270
C1164_A0087,CC(=O)[O-].OCC[NH+](CCO)CCO,237
C1164_A0024,O=C[O-].OCC[NH+](CCO)CCO,234
C1164_A0081,C[C@H](O)C(=O)[O-].OCC[NH+](CCO)CCO,238
C1115_A0048,CCCCCCCCCCCC[N+](CC)(CC)CC.O=S(=O)([N-]S(=O)(=O)C(F)(F)F)C(F)(F)F,390
C0716_A0048,CC[N+](CC)(CC)COC.O=S(=O)([N-]S(=O)(=O)C(F)(F)F)C(F)(F)F,287
C1486_A0020,CC(C)(C)[NH3+].F[B-](F)(F)F,244
C1417_A0048,C[N+](C)(C)CCCC#N.O=S(=O)([N-]S(=O)(=O)C(F)(F)F)C(F)(F)F,363
C1417_A0020,C[N+](C)(C)CCCC#N.F[B-](F)(F)F,249
C1417_A0033,C[N+](C)(C)CCCC#N.[Cl-],217
C1417_A0011,C[N+](C)(C)CCCC#N.F[P-](F)(F)(F)(F)F,347
C1417_A0056,C[N+](C)(C)CCCC#N.N#C[N-]C#N,241
C0231_A0048,CCC[N+](C)(C)CC.O=S(=O)([N-]S(=O)(=O)C(F)(F)F)C(F)(F)F,402
C0482_A0136,C[N+](C)(C)CCO.O=C([O-])C1CCCCC1,178
C0482_A0135,C[N+](C)(C)CCO.O=C([O-])c1c2ccccc2cc2ccccc12,201
C0482_A0138,C[N+](C)(C)CCO.O=C([O-])C1CCCC1,179
C0482_A0137,C[N+](C)(C)CCO.O=C([O-])CC1CCCC1,181
C0482_A0132,C[N+](C)(C)CCO.O=C([O-])CCC1CCCCC1,176
C0482_A0031,C[N+](C)(C)CCO.O=C([O-])c1ccccc1,203
C0482_A0145,C[N+](C)(C)CCO.O=C([O-])c1ccccc1O,230
C0482_A0131,C[N+](C)(C)CCO.O=C([O-])COc1ccc2ccccc2c1,210
C1462_A0048,C[N+](C)(C)CCCC(F)(F)F.O=S(=O)([N-]S(=O)(=O)C(F)(F)F)C(F)(F)F,408
C0381_A0048,CCC[N+](C)(CC)CCC.O=S(=O)([N-]S(=O)(=O)C(F)(F)F)C(F)(F)F,405
C0161_A0048,CCCCC[P+](CC)(CC)CC.O=S(=O)([N-]S(=O)(=O)C(F)(F)F)C(F)(F)F,380
C1136_A0048,CCCCCCCCCCCC[P+](CC)(CC)CC.O=S(=O)([N-]S(=O)(=O)C(F)(F)F)C(F)(F)F,408
C1114_A0048,CC[P+](CC)(CC)COC.O=S(=O)([N-]S(=O)(=O)C(F)(F)F)C(F)(F)F,388
C0678_A0048,CC[P+](CC)(CC)CCOC.O=S(=O)([N-]S(=O)(=O)C(F)(F)F)C(F)(F)F,404
C0310_A0027,C[S+](C)C.O=S(=O)(F)[N-]S(=O)(=O)F,280
C1427_A0027,COCC[S+](C)C.O=S(=O)(F)[N-]S(=O)(=O)F,254
C1426_A0027,C[S+](C)CCC#N.O=S(=O)(F)[N-]S(=O)(=O)F,226
C0729_A0027,CC[S+](C)C.O=S(=O)(F)[N-]S(=O)(=O)F,278
C1280_A0027,CC[S+](C)CC.O=S(=O)(F)[N-]S(=O)(=O)F,265
C1281_A0027,CCC[S+](CC)CC.O=S(=O)(F)[N-]S(=O)(=O)F,254
C1424_A0048,CCCC[S+](CC)CC.O=S(=O)([N-]S(=O)(=O)C(F)(F)F)C(F)(F)F,297
C0598_A0027,CC[S+](CC)CC.O=S(=O)(F)[N-]S(=O)(=O)F,253
C1449_A0027,COCC[S+](C)CCOC.O=S(=O)(F)[N-]S(=O)(=O)F,236
C1433_A0027,CC[S+](CCOC)CCOC.O=S(=O)(F)[N-]S(=O)(=O)F,236
C1431_A0048,CCC[S+](C)C.O=S(=O)([N-]S(=O)(=O)C(F)(F)F)C(F)(F)F,312
C1429_A0048,CCCC[S+](C)C.O=S(=O)([N-]S(=O)(=O)C(F)(F)F)C(F)(F)F,307
C1425_A0048,CCCCC[S+](CC)CC.O=S(=O)([N-]S(=O)(=O)C(F)(F)F)C(F)(F)F,296
C1455_A0048,CCC[S@+](C)CC.O=S(=O)([N-]S(=O)(=O)C(F)(F)F)C(F)(F)F,307
C1453_A0048,CCCC[S@+](C)CC.O=S(=O)([N-]S(=O)(=O)C(F)(F)F)C(F)(F)F,312
C1454_A0048,CCCCC[S@+](C)CC.O=S(=O)([N-]S(=O)(=O)C(F)(F)F)C(F)(F)F,309
C1436_A0048,CN(C)C(N(C)C)=[N+](C)C.O=S(=O)([N-]S(=O)(=O)C(F)(F)F)C(F)(F)F,418
C1438_A0048,CC[N+](C)=C(N(C)C)N(C)C.O=S(=O)([N-]S(=O)(=O)C(F)(F)F)C(F)(F)F,416
C1439_A0048,CCC[N+](C)=C(N(C)C)N(C)C.O=S(=O)([N-]S(=O)(=O)C(F)(F)F)C(F)(F)F,415
C1440_A0048,CC[N+](CC)=C(N(C)C)N(C)C.O=S(=O)([N-]S(=O)(=O)C(F)(F)F)C(F)(F)F,422
C1441_A0048,CCC[N+](CC)=C(N(C)C)N(C)C.O=S(=O)([N-]S(=O)(=O)C(F)(F)F)C(F)(F)F,417
C1442_A0048,CCC[N+](CCC)=C(N(C)C)N(C)C.O=S(=O)([N-]S(=O)(=O)C(F)(F)F)C(F)(F)F,396
C0268_A0048,CCCC[N+](C)=C(N(C)C)N(C)C.O=S(=O)([N-]S(=O)(=O)C(F)(F)F)C(F)(F)F,409
C1443_A0048,CCCC[N+](CC)=C(N(C)C)N(C)C.O=S(=O)([N-]S(=O)(=O)C(F)(F)F)C(F)(F)F,394
C1444_A0048,CCCC[N+](CCC)=C(N(C)C)N(C)C.O=S(=O)([N-]S(=O)(=O)C(F)(F)F)C(F)(F)F,388
C1437_A0048,CCCC[N+](CCCC)=C(N(C)C)N(C)C.O=S(=O)([N-]S(=O)(=O)C(F)(F)F)C(F)(F)F,406
C1418_A0048,CN1CCN(C)C1=[N+](C)C.O=S(=O)([N-]S(=O)(=O)C(F)(F)F)C(F)(F)F,405
C1419_A0048,CC[N+](C)=C1N(C)CCN1C.O=S(=O)([N-]S(=O)(=O)C(F)(F)F)C(F)(F)F,403
C1420_A0048,CC[N+](CC)=C1N(C)CCN1C.O=S(=O)([N-]S(=O)(=O)C(F)(F)F)C(F)(F)F,401
C1421_A0048,CCC[N+](CC)=C1N(C)CCN1C.O=S(=O)([N-]S(=O)(=O)C(F)(F)F)C(F)(F)F,385
C1422_A0048,CCC[N+](CCC)=C1N(C)CCN1C.O=S(=O)([N-]S(=O)(=O)C(F)(F)F)C(F)(F)F,395
C0046_A0048,CCC[N+](C)=C1N(C)CCN1C.O=S(=O)([N-]S(=O)(=O)C(F)(F)F)C(F)(F)F,394
C0782_A0071,CCCCC[n+]1ccn(C)c1.FC(F)(F)C(F)(F)[P-](F)(F)(F)(C(F)(F)C(F)(F)F)C(F)(F)C(F)(F)F,300
C0235_A0054,CS(=O)(=O)[O-].Cn1n[n+](Cc2ccccc2)c2ccccc21,180
C0304_A0090,C[NH+]=C1N(C)CCN1C.O=[N+]([O-])[O-],130
C1152_A0090,CCC[NH+]=C1N(C)CCN1C.O=[N+]([O-])[O-],128
C0460_A0004,CC[n+]1ccn(C)c1.[Br-],301
C0460_A0087,CC(=O)[O-].CC[n+]1ccn(C)c1,216
C0460_A0156,CC[n+]1ccn(C)c1.O=C([O-])C(F)F,263
C0460_A0157,CCCC(=O)[O-].CC[n+]1ccn(C)c1,213
C0460_A0158,CCCCCC(=O)[O-].CC[n+]1ccn(C)c1,212
C0460_A0159,CCCCCCCC(=O)[O-].CC[n+]1ccn(C)c1,216
C0460_A0160,CCCCCCCCCCCCCCCC(=O)[O-].CC[n+]1ccn(C)c1,216
C0460_A0161,CC(C)(C)C(=O)[O-].CC[n+]1ccn(C)c1,216
C0460_A0162,CC[n+]1ccn(C)c1.O=C([O-])C1CC1,212
C0460_A0163,CC([O-])=S.CC[n+]1ccn(C)c1,219
C0162_A0087,CC(=O)[O-].CCn1cc[n+](C)c1C,221
C0958_A0054,CS(=O)(=O)[O-].Cn1cc[n+](C)c1,380
C0811_A0054,CCC[n+]1ccn(C)c1.CS(=O)(=O)[O-],333
C0505_A0054,CCCC[n+]1ccn(C)c1.CS(=O)(=O)[O-],352
C0190_A0054,CCCCCC[n+]1ccn(C)c1.CS(=O)(=O)[O-],337
C0515_A0054,CCCCCCCCCC[n+]1ccn(C)c1.CS(=O)(=O)[O-],335
C0460_A0103,CCS(=O)(=O)[O-].CC[n+]1ccn(C)c1,342
C0460_A0104,CCCS(=O)(=O)[O-].CC[n+]1ccn(C)c1,340
C1492_A0048,CCCC[N@@H+]1CCC[C@H](C)C1.O=S(=O)([N-]S(=O)(=O)C(F)(F)F)C(F)(F)F,340
C1493_A0048,CCCCCC[N@@H+]1CCC[C@H](C)C1.O=S(=O)([N-]S(=O)(=O)C(F)(F)F)C(F)(F)F,360
C1494_A0048,COCC[N@@+]1(C)CCC[C@@H](C)C1.O=S(=O)([N-]S(=O)(=O)C(F)(F)F)C(F)(F)F,340
C1495_A0048,COCCOCC[N@+]1(C)CCC[C@@H](C)C1.O=S(=O)([N-]S(=O)(=O)C(F)(F)F)C(F)(F)F,330
C0141_A0048,COCC[N+]1(C)CCCC1.O=S(=O)([N-]S(=O)(=O)C(F)(F)F)C(F)(F)F,416
C1496_A0048,COCCOCC[N+]1(C)CCCC1.O=S(=O)([N-]S(=O)(=O)C(F)(F)F)C(F)(F)F,330
C1497_A0084,CCCCCC[N@+]1(C)CCC[C@@H](C)C1.O=S(=O)([O-])C(F)(F)F,320
C1494_A0084,COCC[N@@+]1(C)CCC[C@@H](C)C1.O=S(=O)([O-])C(F)(F)F,330
C1495_A0084,COCCOCC[N@+]1(C)CCC[C@@H](C)C1.O=S(=O)([O-])C(F)(F)F,310
C1497_A0064,CCCCCC[N@+]1(C)CCC[C@@H](C)C1.O=C([O-])C(F)(F)F,180
C1494_A0064,COCC[N@@+]1(C)CCC[C@@H](C)C1.O=C([O-])C(F)(F)F,150
C1495_A0064,COCCOCC[N@+]1(C)CCC[C@@H](C)C1.O=C([O-])C(F)(F)F,150
C1492_A0069,CCCC[N@@H+]1CCC[C@H](C)C1.[I-],180
C1497_A0069,CCCCCC[N@+]1(C)CCC[C@@H](C)C1.[I-],180
C1495_A0069,COCCOCC[N@+]1(C)CCC[C@@H](C)C1.[I-],180
C0750_A0020,CCCC[N+]1(C)CCOCC1.F[B-](F)(F)F,386
C0750_A0008,CCCC[N+]1(C)CCOCC1.F[B-](F)(F)C(F)(F)F,181
C1169_A0044,COS(=O)(=O)[O-].CSC(N)=[NH2+],200
C1170_A0004,CCSC(N)=[NH2+].[Br-],202
C1170_A0083,CCOS(=O)(=O)[O-].CCSC(N)=[NH2+],183
C1170_A0048,CCSC(N)=[NH2+].O=S(=O)([N-]S(=O)(=O)C(F)(F)F)C(F)(F)F,258
C1171_A0004,CCSC(NC)=[NH+]C.[Br-],166
C1171_A0083,CCOS(=O)(=O)[O-].CCSC(NC)=[NH+]C,175
C1171_A0048,CCSC(NC)=[NH+]C.O=S(=O)([N-]S(=O)(=O)C(F)(F)F)C(F)(F)F,245
C0870_A0004,CCSC(N(C)C)=[N+](C)C.[Br-],131
C0870_A0048,CCSC(N(C)C)=[N+](C)C.O=S(=O)([N-]S(=O)(=O)C(F)(F)F)C(F)(F)F,307
C1173_A0004,CCNC(=[NH+]CC)SCC.[Br-],150
C1173_A0083,CCNC(=[NH+]CC)SCC.CCOS(=O)(=O)[O-],186
C1173_A0048,CCNC(=[NH+]CC)SCC.O=S(=O)([N-]S(=O)(=O)C(F)(F)F)C(F)(F)F,257
C1174_A0004,CCCCSC(N)=[NH2+].[Br-],195
C1174_A0048,CCCCSC(N)=[NH2+].O=S(=O)([N-]S(=O)(=O)C(F)(F)F)C(F)(F)F,257
C1175_A0004,CCCCSC(NC)=[NH+]C.[Br-],161
C1175_A0048,CCCCSC(NC)=[NH+]C.O=S(=O)([N-]S(=O)(=O)C(F)(F)F)C(F)(F)F,209
C1176_A0004,CCCCSC(N(C)C)=[N+](C)C.[Br-],121
C1176_A0048,CCCCSC(N(C)C)=[N+](C)C.O=S(=O)([N-]S(=O)(=O)C(F)(F)F)C(F)(F)F,287
C1498_A0004,CCCCS/C(NCC)=[NH+]/CC.[Br-],150
C1498_A0048,CCCCS/C(NCC)=[NH+]/CC.O=S(=O)([N-]S(=O)(=O)C(F)(F)F)C(F)(F)F,175
C1177_A0004,CCCCCCSC(N)=[NH2+].[Br-],196
C1177_A0048,CCCCCCSC(N)=[NH2+].O=S(=O)([N-]S(=O)(=O)C(F)(F)F)C(F)(F)F,240
C1178_A0004,CCCCCCSC(NC)=[NH+]C.[Br-],157
C1178_A0048,CCCCCCSC(NC)=[NH+]C.O=S(=O)([N-]S(=O)(=O)C(F)(F)F)C(F)(F)F,256
C1179_A0004,CCCCCCSC(N(C)C)=[N+](C)C.[Br-],121
C1179_A0048,CCCCCCSC(N(C)C)=[N+](C)C.O=S(=O)([N-]S(=O)(=O)C(F)(F)F)C(F)(F)F,314
C1180_A0004,CCCCCCSC(NCC)=[NH+]CC.[Br-],154
C1180_A0048,CCCCCCSC(NCC)=[NH+]CC.O=S(=O)([N-]S(=O)(=O)C(F)(F)F)C(F)(F)F,239
C1181_A0004,CCCCCCCCSC(N)=[NH2+].[Br-],204
C1181_A0048,CCCCCCCCSC(N)=[NH2+].O=S(=O)([N-]S(=O)(=O)C(F)(F)F)C(F)(F)F,258
C1182_A0004,CCCCCCCCSC(NC)=[NH+]C.[Br-],159
C1182_A0048,CCCCCCCCSC(NC)=[NH+]C.O=S(=O)([N-]S(=O)(=O)C(F)(F)F)C(F)(F)F,231
C1499_A0004,CCCCCCCCSC(N(C)C)=[N+](C)C.[Br-],115
C1499_A0048,CCCCCCCCSC(N(C)C)=[N+](C)C.O=S(=O)([N-]S(=O)(=O)C(F)(F)F)C(F)(F)F,311
C1500_A0004,CCCCCCCCS/C(NCC)=[NH+]/CC.[Br-],150
C1500_A0048,CCCCCCCCS/C(NCC)=[NH+]/CC.O=S(=O)([N-]S(=O)(=O)C(F)(F)F)C(F)(F)F,175
C0741_A0033,CCCCCCCC[P+](C)(CCCCCCCC)CCCCCCCC.[Cl-],323
C0708_A0033,CCCCCCCC[P+](CC)(CCCCCCCC)CCCCCCCC.[Cl-],317
C0786_A0033,CCCCCCCC[P+](CCC)(CCCCCCCC)CCCCCCCC.[Cl-],322
C1501_A0033,CCCCCCCC[P+](CCCC)(CCCCCCCC)CCCCCCCC.[Cl-],326
C1502_A0033,CCCCCCCC[P+](CCCCC)(CCCCCCCC)CCCCCCCC.[Cl-],310
C1503_A0033,CCCCCCCC[P+](CCCCCC)(CCCCCCCC)CCCCCCCC.[Cl-],305
C1504_A0033,CCCCCCCC[P+](CCCCCCC)(CCCCCCCC)CCCCCCCC.[Cl-],315
C1505_A0033,CCCCCCCC[P+](CCCCCCCC)(CCCCCCCC)CCCCCCCC.[Cl-],317
C1506_A0033,CCCCCCCCC[P+](CCCCCCCC)(CCCCCCCC)CCCCCCCC.[Cl-],295
C1507_A0033,CCCCCCCCCC[P+](CCCCCCCC)(CCCCCCCC)CCCCCCCC.[Cl-],312
C1035_A0033,CCCCCCCCCCCC[P+](CCCCCCCC)(CCCCCCCC)CCCCCCCC.[Cl-],320
C0559_A0033,CCCCCCCCCCCCCC[P+](CCCCCCCC)(CCCCCCCC)CCCCCCCC.[Cl-],330
C0152_A0168,CCC[N+]1(C)CCCC1.O=S(=O)(F)[N-]S(=O)(=O)C(F)(F)F,285
C0315_A0168,CCCC[N+]1(C)CCCC1.O=S(=O)(F)[N-]S(=O)(=O)C(F)(F)F,256
C0141_A0168,COCC[N+]1(C)CCCC1.O=S(=O)(F)[N-]S(=O)(=O)C(F)(F)F,252
C1508_A0030,CCCCc1c[n+](Cc2ccccc2)nn1C.Cc1ccc(S(=O)(=O)[O-])cc1,240
C1508_A0084,CCCCc1c[n+](Cc2ccccc2)nn1C.O=S(=O)([O-])C(F)(F)F,245
C1014_A0030,CCCCc1c[n+](-c2ccccc2)nn1C.Cc1ccc(S(=O)(=O)[O-])cc1,247
C1014_A0084,CCCCc1c[n+](-c2ccccc2)nn1C.O=S(=O)([O-])C(F)(F)F,310
C0905_A0030,CCCCc1c[n+](C)nn1C.Cc1ccc(S(=O)(=O)[O-])cc1,238
C0905_A0084,CCCCc1c[n+](C)nn1C.O=S(=O)([O-])C(F)(F)F,228
C0773_A0030,Cc1ccc(S(=O)(=O)[O-])cc1.Cn1cc[n+](C)n1,240
C0773_A0084,Cn1cc[n+](C)n1.O=S(=O)([O-])C(F)(F)F,221
C0958_A0030,Cc1ccc(S(=O)(=O)[O-])cc1.Cn1cc[n+](C)c1,324
C0958_A0084,Cn1cc[n+](C)c1.O=S(=O)([O-])C(F)(F)F,417
C0448_A0033,C[n+]1ccn(CC#N)c1.[Cl-],206
C0197_A0004,C[n+]1ccn(CCC#N)c1.[Br-],205
C0196_A0033,C[n+]1ccn(CCCCC#N)c1.[Cl-],224
C1509_A0004,Cn1cc[n+](CCCCCC#N)c1.[Br-],248
C1510_A0004,Cn1cc[n+](CCCCCCC#N)c1.[Br-],257
C1511_A0004,C[C@H](C#N)[n+]1ccn(C)c1.[Br-],219
C1512_A0033,CCCC[n+]1ccn(CC#N)c1.[Cl-],186
C1513_A0004,CCCC[n+]1ccn(CCC#N)c1.[Br-],227
C1514_A0033,CCCCn1cc[n+](CCCC#N)c1.[Cl-],243
C1515_A0033,CCCCn1cc[n+](CCCCC#N)c1.[Cl-],240
C1516_A0004,CCCC[n+]1ccn([C@@H](C)C#N)c1.[Br-],211
C1517_A0033,N#CCC[n+]1ccn(CC#N)c1.[Cl-],196
C1518_A0033,N#CCCC[n+]1ccn(CCC#N)c1.[Cl-],196
C1519_A0033,N#CCCCC[n+]1ccn(CCC#N)c1.[Cl-],190
C1520_A0004,N#CCCCCC[n+]1ccn(CCC#N)c1.[Br-],202
C1521_A0004,N#CCCCCCC[n+]1ccn(CCC#N)c1.[Br-],161
C0448_A0090,C[n+]1ccn(CC#N)c1.O=[N+]([O-])[O-],183
C0197_A0090,C[n+]1ccn(CCC#N)c1.O=[N+]([O-])[O-],166
C0083_A0090,C[n+]1ccn(CCCC#N)c1.O=[N+]([O-])[O-],223
C0196_A0090,C[n+]1ccn(CCCCC#N)c1.O=[N+]([O-])[O-],266
C1511_A0090,C[C@H](C#N)[n+]1ccn(C)c1.O=[N+]([O-])[O-],168
C1512_A0090,CCCC[n+]1ccn(CC#N)c1.O=[N+]([O-])[O-],168
C1513_A0090,CCCC[n+]1ccn(CCC#N)c1.O=[N+]([O-])[O-],180
C1514_A0090,CCCCn1cc[n+](CCCC#N)c1.O=[N+]([O-])[O-],258
C1515_A0090,CCCCn1cc[n+](CCCCC#N)c1.O=[N+]([O-])[O-],263
C1516_A0090,CCCC[n+]1ccn([C@@H](C)C#N)c1.O=[N+]([O-])[O-],157
C0448_A0056,C[n+]1ccn(CC#N)c1.N#C[N-]C#N,210
C0197_A0056,C[n+]1ccn(CCC#N)c1.N#C[N-]C#N,161
C0196_A0056,C[n+]1ccn(CCCCC#N)c1.N#C[N-]C#N,247
C1509_A0056,Cn1cc[n+](CCCCCC#N)c1.N#C[N-]C#N,264
C1510_A0056,Cn1cc[n+](CCCCCCC#N)c1.N#C[N-]C#N,266
C1517_A0056,N#CCC[n+]1ccn(CC#N)c1.N#C[N-]C#N,148
C1518_A0056,N#CCCC[n+]1ccn(CCC#N)c1.N#C[N-]C#N,164
C1519_A0056,N#CCCCC[n+]1ccn(CCC#N)c1.N#C[N-]C#N,170
C1520_A0056,N#CCCCCC[n+]1ccn(CCC#N)c1.N#C[N-]C#N,165
C1521_A0056,N#CCCCCCC[n+]1ccn(CCC#N)c1.N#C[N-]C#N,157
C1529_A0048,COCC[N+](C)=C(N(C)C)N(C)C.O=S(=O)([N-]S(=O)(=O)C(F)(F)F)C(F)(F)F,425
C1530_A0048,CC[N+](CCOC)=C(N(C)C)N(C)C.O=S(=O)([N-]S(=O)(=O)C(F)(F)F)C(F)(F)F,420
C1531_A0048,COCC[N+](C)=C1N(C)CCN1C.O=S(=O)([N-]S(=O)(=O)C(F)(F)F)C(F)(F)F,409
C1532_A0048,CC[N+](CCOC)=C1N(C)CCN1C.O=S(=O)([N-]S(=O)(=O)C(F)(F)F)C(F)(F)F,387
C1533_A0048,COC(=O)C[N+](C)=C(N(C)C)N(C)C.O=S(=O)([N-]S(=O)(=O)C(F)(F)F)C(F)(F)F,320
C1534_A0048,CC[N+](CC(=O)OC)=C(N(C)C)N(C)C.O=S(=O)([N-]S(=O)(=O)C(F)(F)F)C(F)(F)F,301
C1535_A0048,COC(=O)C[N+](C)=C1N(C)CCN1C.O=S(=O)([N-]S(=O)(=O)C(F)(F)F)C(F)(F)F,341
C1536_A0048,CC[N+](CC(=O)OC)=C1N(C)CCN1C.O=S(=O)([N-]S(=O)(=O)C(F)(F)F)C(F)(F)F,338
C1119_A0179,CCCCCCCCCCCCCC[P+](CCCCCC)(CCCCCC)CCCCCC.c1ccc2[n-]cnc2c1,314
C1119_A0180,Brc1ccc2[n-]cnc2c1.CCCCCCCCCCCCCC[P+](CCCCCC)(CCCCCC)CCCCCC,327
C1119_A0181,CCCCCCCCCCCCCC[P+](CCCCCC)(CCCCCC)CCCCCC.CSc1nc2ccccc2[n-]1,319
C1119_A0182,CCCCCCCCCCCCCC[P+](CCCCCC)(CCCCCC)CCCCCC.N#Cc1ccc[n-]1,316
C1119_A0109,CCCCCCCCCCCCCC[P+](CCCCCC)(CCCCCC)CCCCCC.FC(F)(F)c1cc[n-]n1,260
C1119_A0110,CCCCCCCCCCCCCC[P+](CCCCCC)(CCCCCC)CCCCCC.Cc1cc(C(F)(F)F)[n-]n1,260
C1119_A0098,CCCCCCCCCCCCCC[P+](CCCCCC)(CCCCCC)CCCCCC.[c-]1c[nH]nn1,328
C1119_A0101,CCCCCCCCCCCCCC[P+](CCCCCC)(CCCCCC)CCCCCC.[c-]1nc[nH]n1,320
C1537_A0183,CCCCCC[N+](C)(C)CCO.c1c[n-]cn1,160
C1537_A0184,CCCCCC[N+](C)(C)CCO.C[C@@H](O)[C@H](N)C(=O)[O-],200
C0519_A0109,CCCC[P+](CC)(CC)CC.FC(F)(F)c1cc[n-]n1,264
C1210_A0109,CCCCCCCC[P+](CC)(CC)CC.FC(F)(F)c1cc[n-]n1,254
C0519_A0110,CCCC[P+](CC)(CC)CC.Cc1cc(C(F)(F)F)[n-]n1,231
C1210_A0110,CCCCCCCC[P+](CC)(CC)CC.Cc1cc(C(F)(F)F)[n-]n1,237
C0519_A0111,CCCC[P+](CC)(CC)CC.c1ccc2[n-]ncc2c1,286
C1210_A0111,CCCCCCCC[P+](CC)(CC)CC.c1ccc2[n-]ncc2c1,282
C1119_A0111,CCCCCCCCCCCCCC[P+](CCCCCC)(CCCCCC)CCCCCC.c1ccc2[n-]ncc2c1,296
C0315_A0048,CCCC[N+]1(C)CCCC1.O=S(=O)([N-]S(=O)(=O)C(F)(F)F)C(F)(F)F,445
C1280_A0048,CC[S+](C)CC.O=S(=O)([N-]S(=O)(=O)C(F)(F)F)C(F)(F)F,295
C0598_A0048,CC[S+](CC)CC.O=S(=O)([N-]S(=O)(=O)C(F)(F)F)C(F)(F)F,290
C1281_A0048,CCC[S+](CC)CC.O=S(=O)([N-]S(=O)(=O)C(F)(F)F)C(F)(F)F,280
C1490_A0152,CN(C)C(=[NH2+])N(C)C.[O-]c1ccccc1,104
C1490_A0153,CN(C)C(=[NH2+])N(C)C.Cc1ccc([O-])cc1,100
C1490_A0154,CN(C)C(=[NH2+])N(C)C.COc1ccc([O-])cc1,115
C1490_A0155,CN(C)C(=[NH2+])N(C)C.[O-]c1ccc(F)cc1,100
C0973_A0048,CCCCCCCC[N+](C)(C)C.O=S(=O)([N-]S(=O)(=O)C(F)(F)F)C(F)(F)F,380
C0709_A0048,CCCCCC[N+](C)(C)C.O=S(=O)([N-]S(=O)(=O)C(F)(F)F)C(F)(F)F,395
C1095_A0048,CCCC[N+](C)(C)C.O=S(=O)([N-]S(=O)(=O)C(F)(F)F)C(F)(F)F,400
C0025_A0048,CCCC[N+](C)(C)CC.O=S(=O)([N-]S(=O)(=O)C(F)(F)F)C(F)(F)F,446
C0471_A0048,CCCCC[N+](C)(C)CC.O=S(=O)([N-]S(=O)(=O)C(F)(F)F)C(F)(F)F,403
C0981_A0048,CCCC[N+](C)(CC)CC.O=S(=O)([N-]S(=O)(=O)C(F)(F)F)C(F)(F)F,446
C0649_A0048,CC[N+](C)(CC)CCCC(F)(F)F.O=S(=O)([N-]S(=O)(=O)C(F)(F)F)C(F)(F)F,420
C1997_A0048,CCCCC[N+](C)(CC)CC.O=S(=O)([N-]S(=O)(=O)C(F)(F)F)C(F)(F)F,445
C1538_A0048,CCCC[N+](C)(CCC)CCC.O=S(=O)([N-]S(=O)(=O)C(F)(F)F)C(F)(F)F,485
C1539_A0048,CCCCC[N+](C)(CCC)CCC.O=S(=O)([N-]S(=O)(=O)C(F)(F)F)C(F)(F)F,433
C0460_A0048,CC[n+]1ccn(C)c1.O=S(=O)([N-]S(=O)(=O)C(F)(F)F)C(F)(F)F,414
C1125_A0048,Cn1cc[n+](CC(F)(F)F)c1.O=S(=O)([N-]S(=O)(=O)C(F)(F)F)C(F)(F)F,417
C1526_A0017,CC[N+](CC)(CC)CCCCS(=O)(=O)O.O=S(=O)([O-])O,314
C1199_A0179,CCCC[P+](CCCC)(CCCC)CCCC.c1ccc2[n-]cnc2c1,318
C1199_A0180,Brc1ccc2[n-]cnc2c1.CCCC[P+](CCCC)(CCCC)CCCC,325
C1199_A0182,CCCC[P+](CCCC)(CCCC)CCCC.N#Cc1ccc[n-]1,308
C1199_A0109,CCCC[P+](CCCC)(CCCC)CCCC.FC(F)(F)c1cc[n-]n1,278
C0872_A0179,CC[P+](CC)(CC)CC.c1ccc2[n-]cnc2c1,314
C1564_A0004,Cc1n(CCN)cc[n+]1CCN.[Br-],248
C1572_A0048,CN(C)P(=[NH+]C(C)(C)C)(N(C)C)N(C)C.O=S(=O)([N-]S(=O)(=O)C(F)(F)F)C(F)(F)F,324
C1573_A0048,CC(C)(C)[NH+]=P(N1CCCC1)(N1CCCC1)N1CCCC1.O=S(=O)([N-]S(=O)(=O)C(F)(F)F)C(F)(F)F,323
C1574_A0048,CN1CCCN(C)P1(=[NH+]C(C)(C)C)N1CCCC1.O=S(=O)([N-]S(=O)(=O)C(F)(F)F)C(F)(F)F,300
C1571_A0048,CN(C)P(=[NH2+])(N(C)C)N(C)C.O=S(=O)([N-]S(=O)(=O)C(F)(F)F)C(F)(F)F,325
C1569_A0048,CC[NH+]=P(N=P(N(C)C)(N(C)C)N(C)C)(N(C)C)N(C)C.O=S(=O)([N-]S(=O)(=O)C(F)(F)F)C(F)(F)F,347
C1567_A0048,CN1CCCN2CCC[NH+]=C12.O=S(=O)([N-]S(=O)(=O)C(F)(F)F)C(F)(F)F,379
C1570_A0048,C1CNC2=[NH+]CCCN2C1.O=S(=O)([N-]S(=O)(=O)C(F)(F)F)C(F)(F)F,371
C1490_A0048,CN(C)C(=[NH2+])N(C)C.O=S(=O)([N-]S(=O)(=O)C(F)(F)F)C(F)(F)F,297
C1572_A0067,CN(C)P(=[NH+]C(C)(C)C)(N(C)C)N(C)C.O=S(=O)([N-]S(=O)(=O)C(F)(F)C(F)(F)F)C(F)(F)C(F)(F)F,321
C1573_A0067,CC(C)(C)[NH+]=P(N1CCCC1)(N1CCCC1)N1CCCC1.O=S(=O)([N-]S(=O)(=O)C(F)(F)C(F)(F)F)C(F)(F)C(F)(F)F,322
C1574_A0067,CN1CCCN(C)P1(=[NH+]C(C)(C)C)N1CCCC1.O=S(=O)([N-]S(=O)(=O)C(F)(F)C(F)(F)F)C(F)(F)C(F)(F)F,311
C1571_A0067,CN(C)P(=[NH2+])(N(C)C)N(C)C.O=S(=O)([N-]S(=O)(=O)C(F)(F)C(F)(F)F)C(F)(F)C(F)(F)F,325
C1569_A0067,CC[NH+]=P(N=P(N(C)C)(N(C)C)N(C)C)(N(C)C)N(C)C.O=S(=O)([N-]S(=O)(=O)C(F)(F)C(F)(F)F)C(F)(F)C(F)(F)F,319
C1567_A0067,CN1CCCN2CCC[NH+]=C12.O=S(=O)([N-]S(=O)(=O)C(F)(F)C(F)(F)F)C(F)(F)C(F)(F)F,383
C1570_A0067,C1CNC2=[NH+]CCCN2C1.O=S(=O)([N-]S(=O)(=O)C(F)(F)C(F)(F)F)C(F)(F)C(F)(F)F,338
C1490_A0067,CN(C)C(=[NH2+])N(C)C.O=S(=O)([N-]S(=O)(=O)C(F)(F)C(F)(F)F)C(F)(F)C(F)(F)F,302
C1254_A0309,O=C([O-])CCCCCC(=O)O.c1ccn2cc[nH+]c2c1,175
C1254_A0088,O=C([O-])c1ccccc1C(=O)O.c1ccn2cc[nH+]c2c1,175
C1254_A0107,O=C([O-])C(=O)O.c1ccn2cc[nH+]c2c1,165
C1254_A0017,O=S(=O)([O-])O.c1ccn2cc[nH+]c2c1,336
C1254_A0308,[S-]c1ccccc1S.c1ccn2cc[nH+]c2c1,126
C1254_A0315,[S-]c1ccccc1SSCCS.c1ccn2cc[nH+]c2c1,260
C1566_A0134,CCCC[P+](CCCC)(CCCC)CCCN.C[C@H](N)C(=O)[O-],283
C1566_A0251,CCCC[P+](CCCC)(CCCC)CCCN.N=C(N)NCCC[C@H](N)C(=O)[O-],228
C1566_A0252,CCCC[P+](CCCC)(CCCC)CCCN.NC(=O)C[C@H](N)C(=O)[O-],230
C1566_A0253,CCCC[P+](CCCC)(CCCC)CCCN.N[C@@H](CC(=O)[O-])C(=O)O,254
C1566_A0254,CCCC[P+](CCCC)(CCCC)CCCN.N[C@@H](CS)C(=O)[O-],202
C1566_A0290,CCCC[P+](CCCC)(CCCC)CCCN.NC(=O)CC[C@H](N)C(=O)[O-],297
C1566_A0255,CCCC[P+](CCCC)(CCCC)CCCN.N[C@@H](CCC(=O)O)C(=O)[O-],262
C1566_A0141,CCCC[P+](CCCC)(CCCC)CCCN.NCC(=O)[O-],281
C1566_A0256,CCCC[P+](CCCC)(CCCC)CCCN.N[C@@H](Cc1c[nH]cn1)C(=O)[O-],300
C1566_A0193,CCCC[P+](CCCC)(CCCC)CCCN.CC[C@H](C)[C@H](N)C(=O)[O-],284
C1566_A0289,CC(C)CC(N)C(=O)[O-].CCCC[P+](CCCC)(CCCC)CCCN,283
C1566_A0142,CCCC[P+](CCCC)(CCCC)CCCN.NCCCC[C@H](N)C(=O)[O-],292
C1566_A0258,CCCC[P+](CCCC)(CCCC)CCCN.CSCC[C@H](N)C(=O)[O-],275
C1566_A0259,CCCC[P+](CCCC)(CCCC)CCCN.N[C@@H](Cc1ccccc1)C(=O)[O-],282
C1566_A0211,CCCC[P+](CCCC)(CCCC)CCCN.O=C([O-])[C@@H]1CCCN1,280
C1566_A0146,CCCC[P+](CCCC)(CCCC)CCCN.N[C@@H](CO)C(=O)[O-],254
C1566_A0184,CCCC[P+](CCCC)(CCCC)CCCN.C[C@@H](O)[C@H](N)C(=O)[O-],245
C1566_A0288,CCCC[P+](CCCC)(CCCC)CCCN.N[C@@H](Cc1c[nH]c2ccccc12)C(=O)[O-],277
C1566_A0292,CCCC[P+](CCCC)(CCCC)CCCN.N[C@@H](Cc1ccc(O)cc1)C(=O)[O-],231
C1566_A0260,CC(C)[C@H](N)C(=O)[O-].CCCC[P+](CCCC)(CCCC)CCCN,293
C1119_A0141,CCCCCCCCCCCCCC[P+](CCCCCC)(CCCCCC)CCCCCC.NCC(=O)[O-],319
C1119_A0134,CCCCCCCCCCCCCC[P+](CCCCCC)(CCCCCC)CCCCCC.C[C@H](N)C(=O)[O-],336
C1119_A0200,CCCCCCCCCCCCCC[P+](CCCCCC)(CCCCCC)CCCCCC.CNCC(=O)[O-],329
C1119_A0260,CC(C)[C@H](N)C(=O)[O-].CCCCCCCCCCCCCC[P+](CCCCCC)(CCCCCC)CCCCCC,332
C1119_A0289,CC(C)CC(N)C(=O)[O-].CCCCCCCCCCCCCC[P+](CCCCCC)(CCCCCC)CCCCCC,308
C1119_A0193,CCCCCCCCCCCCCC[P+](CCCCCC)(CCCCCC)CCCCCC.CC[C@H](C)[C@H](N)C(=O)[O-],340
C1976_A0048,CCCC[n+]1ccc(-c2ccncc2)cc1.O=S(=O)([N-]S(=O)(=O)C(F)(F)F)C(F)(F)F,354
C1977_A0048,C[n+]1cccc2ccc3cccnc3c21.O=S(=O)([N-]S(=O)(=O)C(F)(F)F)C(F)(F)F,334
C1167_A0020,C1CC[NH2+]C1.F[B-](F)(F)F,344
C1167_A0084,C1CC[NH2+]C1.O=S(=O)([O-])C(F)(F)F,426
C1167_A0079,C1CC[NH2+]C1.O=S(=O)([O-])C(F)(F)C(F)(F)C(F)(F)C(F)(F)F,371
C1167_A0207,C1CC[NH2+]C1.O=S(=O)([O-])C(F)(F)C(F)(F)C(F)(F)C(F)(F)C(F)(F)C(F)(F)F,408
C1167_A0096,C1CC[NH2+]C1.O=S(=O)([O-])C(F)(F)C(F)(F)C(F)(F)C(F)(F)C(F)(F)C(F)(F)C(F)(F)C(F)(F)F,393
C1167_A0318,C1CC[NH2+]C1.O=S(=O)([O-])C(F)(F)C(F)(F)OC(F)(F)C(F)F,378
C1978_A0048,Cc1n(Cn2cccn2)cc[n+]1C.O=S(=O)([N-]S(=O)(=O)C(F)(F)F)C(F)(F)F,295
C1979_A0048,CCC[n+]1ccn(Cn2cccn2)c1C.O=S(=O)([N-]S(=O)(=O)C(F)(F)F)C(F)(F)F,288
C1980_A0048,Cc1n(Cn2cccn2)cc[n+]1CCC(F)(F)F.O=S(=O)([N-]S(=O)(=O)C(F)(F)F)C(F)(F)F,285
C1981_A0048,CCCC[n+]1ccn(Cn2cccn2)c1C.O=S(=O)([N-]S(=O)(=O)C(F)(F)F)C(F)(F)F,318
C1982_A0048,Cc1n(Cn2cccn2)cc[n+]1CCCC(F)(F)F.O=S(=O)([N-]S(=O)(=O)C(F)(F)F)C(F)(F)F,306
C1983_A0048,CCCCCC[n+]1ccn(Cn2cccn2)c1C.O=S(=O)([N-]S(=O)(=O)C(F)(F)F)C(F)(F)F,304
C1984_A0048,Cc1n(Cn2cccn2)cc[n+]1CCC(F)(F)C(F)(F)C(F)(F)C(F)(F)F.O=S(=O)([N-]S(=O)(=O)C(F)(F)F)C(F)(F)F,292
C1981_A0011,CCCC[n+]1ccn(Cn2cccn2)c1C.F[P-](F)(F)(F)(F)F,266
C1982_A0011,Cc1n(Cn2cccn2)cc[n+]1CCCC(F)(F)F.F[P-](F)(F)(F)(F)F,268
C1983_A0011,CCCCCC[n+]1ccn(Cn2cccn2)c1C.F[P-](F)(F)(F)(F)F,271
C1985_A0048,Cc1cc(C)n(Cn2cc[n+](C)c2C)n1.O=S(=O)([N-]S(=O)(=O)C(F)(F)F)C(F)(F)F,267
C1986_A0048,CCCC[n+]1ccn(Cn2nc(C)cc2C)c1C.O=S(=O)([N-]S(=O)(=O)C(F)(F)F)C(F)(F)F,270
C1987_A0048,CCCCCC[n+]1ccn(Cn2nc(C)cc2C)c1C.O=S(=O)([N-]S(=O)(=O)C(F)(F)F)C(F)(F)F,282
C1985_A0011,Cc1cc(C)n(Cn2cc[n+](C)c2C)n1.F[P-](F)(F)(F)(F)F,242
C1986_A0011,CCCC[n+]1ccn(Cn2nc(C)cc2C)c1C.F[P-](F)(F)(F)(F)F,221
C1987_A0011,CCCCCC[n+]1ccn(Cn2nc(C)cc2C)c1C.F[P-](F)(F)(F)(F)F,231
C0152_A0048,CCC[N+]1(C)CCCC1.O=S(=O)([N-]S(=O)(=O)C(F)(F)F)C(F)(F)F,343
C1317_A0048,CCCCCCCC[N+]1(C)CCCC1.O=S(=O)([N-]S(=O)(=O)C(F)(F)F)C(F)(F)F,325
C0315_A0020,CCCC[N+]1(C)CCCC1.F[B-](F)(F)F,310
C0155_A0048,CCC[N+]1(C)CCCCC1.O=S(=O)([N-]S(=O)(=O)C(F)(F)F)C(F)(F)F,341
C0137_A0048,CCCC[N+]1(C)CCCCC1.O=S(=O)([N-]S(=O)(=O)C(F)(F)F)C(F)(F)F,320
C0168_A0048,CCCCCCCC[N+]1(C)CCCCC1.O=S(=O)([N-]S(=O)(=O)C(F)(F)F)C(F)(F)F,315
C0168_A0020,CCCCCCCC[N+]1(C)CCCCC1.F[B-](F)(F)F,325
C0168_A0056,CCCCCCCC[N+]1(C)CCCCC1.N#C[N-]C#N,200
C0168_A0084,CCCCCCCC[N+]1(C)CCCCC1.O=S(=O)([O-])C(F)(F)F,300
C1988_A0011,CCCCn1cc(C[n+]2ccn(C)c2C)nn1.F[P-](F)(F)(F)(F)F,327
C1989_A0011,CCCCn1cc(C[n+]2ccn(C)c2)nn1.F[P-](F)(F)(F)(F)F,319
C1988_A0048,CCCCn1cc(C[n+]2ccn(C)c2C)nn1.O=S(=O)([N-]S(=O)(=O)C(F)(F)F)C(F)(F)F,349
C1989_A0048,CCCCn1cc(C[n+]2ccn(C)c2)nn1.O=S(=O)([N-]S(=O)(=O)C(F)(F)F)C(F)(F)F,333
C1990_A0011,Cc1n(C)cc[n+]1Cc1cn(Cc2ccccc2)nn1.F[P-](F)(F)(F)(F)F,328
C1990_A0048,Cc1n(C)cc[n+]1Cc1cn(Cc2ccccc2)nn1.O=S(=O)([N-]S(=O)(=O)C(F)(F)F)C(F)(F)F,360
C1991_A0011,Cn1cc[n+](Cc2cn(Cc3ccccc3)nn2)c1.F[P-](F)(F)(F)(F)F,328
C1992_A0011,CCCCn1cc[n+](Cc2cn(Cc3ccccc3)nn2)c1.F[P-](F)(F)(F)(F)F,324
C1992_A0048,CCCCn1cc[n+](Cc2cn(Cc3ccccc3)nn2)c1.O=S(=O)([N-]S(=O)(=O)C(F)(F)F)C(F)(F)F,340
C1993_A0011,CCCCn1cc[n+](Cc2cn(-c3ccccc3)nn2)c1.F[P-](F)(F)(F)(F)F,302
C1993_A0048,CCCCn1cc[n+](Cc2cn(-c3ccccc3)nn2)c1.O=S(=O)([N-]S(=O)(=O)C(F)(F)F)C(F)(F)F,322
C1994_A0011,CCCCn1cc[n+](Cc2cn(CCCC)nn2)c1.F[P-](F)(F)(F)(F)F,312
C1995_A0011,CCCCn1cc(C[n+]2ccn(CCCC)c2C)nn1.F[P-](F)(F)(F)(F)F,316
C1996_A0011,Cc1cc(C)c(-n2cc[n+](Cc3cn(Cc4ccccc4)nn3)c2)c(C)c1.F[P-](F)(F)(F)(F)F,312
C1188_A0067,C[n+]1ccn(CCC(F)(F)C(F)(F)C(F)(F)C(F)(F)C(F)(F)C(F)(F)F)c1.O=S(=O)([N-]S(=O)(=O)C(F)(F)C(F)(F)F)C(F)(F)C(F)(F)F,353
C0290_A0067,CCCCCCCC[n+]1ccn(C)c1.O=S(=O)([N-]S(=O)(=O)C(F)(F)C(F)(F)F)C(F)(F)C(F)(F)F,363
C0473_A0320,CC[NH+](CC)CC.O=[PH]([O-])O,106
C0473_A0030,CC[NH+](CC)CC.Cc1ccc(S(=O)(=O)[O-])cc1,325
C0473_A0064,CC[NH+](CC)CC.O=C([O-])C(F)(F)F,186
C2000_A0056,C[N+](C)(C)CCN=[N+]=[N-].N#C[N-]C#N,182
C2008_A0056,CCCC[N+](C)(C)CCN=[N+]=[N-].N#C[N-]C#N,158
C2009_A0056,C=CC[N+](C)(C)CCN=[N+]=[N-].N#C[N-]C#N,201
C2000_A0261,C[N+](C)(C)CCN=[N+]=[N-].N#C[N-][N+](=O)[O-],245
C2000_A0063,C[N+](C)(C)CCN=[N+]=[N-].O=[N+]([O-])[N-][N+](=O)[O-],219
C2000_A0073,C[N+](C)(C)CCN=[N+]=[N-].[N-]=[N+]=[N-],139
C2002_A0261,C[N+](C)(CCN=[N+]=[N-])CCN=[N+]=[N-].N#C[N-][N+](=O)[O-],222
C2002_A0056,C[N+](C)(CCN=[N+]=[N-])CCN=[N+]=[N-].N#C[N-]C#N,222
C2004_A0073,CC(C)[NH+](C)C.[N-]=[N+]=[N-],162
C1733_A0056,C=CC[n+]1ccn(CCCC)c1.N#C[N-]C#N,253
C1734_A0056,C=CC[n+]1ccn(CCCCCC)c1.N#C[N-]C#N,254
C1735_A0056,C=CC[n+]1ccn(CCCCCCCC)c1.N#C[N-]C#N,266
C1736_A0056,C=CC[n+]1ccn(CCCCCCCCCC)c1.N#C[N-]C#N,255
C1737_A0056,C=CC[n+]1ccn(CCCCCCCCCCCC)c1.N#C[N-]C#N,256
C1738_A0056,C=CC[n+]1ccn(CCCCCCCCCCCCCC)c1.N#C[N-]C#N,265
C1739_A0056,C=CC[n+]1ccn(C=C)c1.N#C[N-]C#N,228
C1740_A0056,C=C[n+]1ccn(CCCCCCCC)c1.N#C[N-]C#N,232
C1741_A0056,C=C[n+]1ccn(CCCCCCCCCC)c1.N#C[N-]C#N,235
C0316_A0056,C=CCn1cc[n+](C)c1.N#C[N-]C#N,207
C2005_A0056,C=CCC[n+]1ccn(C)c1.N#C[N-]C#N,210
C0733_A0056,C#CCn1cc[n+](C)c1.N#C[N-]C#N,144
C2006_A0056,CC#CC[n+]1ccn(C)c1.N#C[N-]C#N,179
C2007_A0056,CCC#CC[n+]1ccn(C)c1.N#C[N-]C#N,184
C0391_A0056,C[n+]1cn(N)cn1.N#C[N-]C#N,143
C1199_A0321,CCCCC(CC)COP(=O)([O-])OCC(CC)CCCC.CCCC[P+](CCCC)(CCCC)CCCC,347
C1119_A0321,CCCCC(CC)COP(=O)([O-])OCC(CC)CCCC.CCCCCCCCCCCCCC[P+](CCCCCC)(CCCCCC)CCCCCC,348
C1119_A0322,CCCCC(CC)C(=O)[O-].CCCCCCCCCCCCCC[P+](CCCCCC)(CCCCCC)CCCCCC,308
C1119_A0159,CCCCCCCC(=O)[O-].CCCCCCCCCCCCCC[P+](CCCCCC)(CCCCCC)CCCCCC,330
C1119_A0323,CCCCCC(C)CCC(=O)[O-].CCCCCCCCCCCCCC[P+](CCCCCC)(CCCCCC)CCCCCC,327
C1119_A0324,CCCCCCCCCCCCCCCCCC(=O)[O-].CCCCCCCCCCCCCC[P+](CCCCCC)(CCCCCC)CCCCCC,308
C2015_A0048,CC[N+]1=C2CCCN2CCC1.O=S(=O)([N-]S(=O)(=O)C(F)(F)F)C(F)(F)F,450
C2016_A0048,CCC[N+]1=C2CCCN2CCC1.O=S(=O)([N-]S(=O)(=O)C(F)(F)F)C(F)(F)F,453
C2017_A0048,CCCC[N+]1=C2CCCN2CCC1.O=S(=O)([N-]S(=O)(=O)C(F)(F)F)C(F)(F)F,351
C2018_A0048,C1CCC2=NCCC[NH+]2CC1.O=S(=O)([N-]S(=O)(=O)C(F)(F)F)C(F)(F)F,431
C2019_A0048,CCC[N+]1=C2CCCCCN2CCC1.O=S(=O)([N-]S(=O)(=O)C(F)(F)F)C(F)(F)F,370
C0687_A0328,CC[N+](CC)(CC)CC.Fc1c(F)c(F)c([B-](F)(F)F)c(F)c1F,145
C0460_A0328,CC[n+]1ccn(C)c1.Fc1c(F)c(F)c([B-](F)(F)F)c(F)c1F,199
C0505_A0328,CCCC[n+]1ccn(C)c1.Fc1c(F)c(F)c([B-](F)(F)F)c(F)c1F,203
C0290_A0328,CCCCCCCC[n+]1ccn(C)c1.Fc1c(F)c(F)c([B-](F)(F)F)c(F)c1F,200
C1098_A0328,CCCC[n+]1ccn(C)c1C.Fc1c(F)c(F)c([B-](F)(F)F)c(F)c1F,219
C0505_A0329,CCCC[n+]1ccn(C)c1.COc1c(F)c(F)c([B-](F)(F)F)c(F)c1F,217
C0505_A0330,CCCC[n+]1ccn(C)c1.CCCOc1c(F)c(F)c([B-](F)(F)F)c(F)c1F,223
C0505_A0331,CC(C)(C)Oc1c(F)c(F)c([B-](F)(F)F)c(F)c1F.CCCC[n+]1ccn(C)c1,227
C0505_A0332,CCCC[n+]1ccn(C)c1.Fc1c(F)c([B-](F)(F)F)c(F)c(F)c1OCCc1ccccc1,218
C0505_A0333,CCCC[n+]1ccn(C)c1.Fc1c(F)c([B-](F)(F)F)c(F)c(F)c1OCc1ccccc1,210
C0505_A0334,CCCC[n+]1ccn(C)c1.Fc1c(F)c([B-](F)(F)F)c(F)c(F)c1Oc1ccccc1,219
C0505_A0335,C=C(C)[C@@H]1CC[C@@H](C)C[C@H]1Oc1c(F)c(F)c([B-](F)(F)F)c(F)c1F.CCCC[n+]1ccn(C)c1,208
C0505_A0336,CC1(C)C2CCC1(C)C(Oc1c(F)c(F)c([B-](F)(F)F)c(F)c1F)C2.CCCC[n+]1ccn(C)c1,205
C2018_A0049,C1CCC2=NCCC[NH+]2CC1.CC1=CC(=O)[N-]S(=O)(=O)O1,109
C2018_A0337,C1CCC2=NCCC[NH+]2CC1.CCCCN(C)C(=O)[O-],242
C1490_A0338,CCN(CC)C(=O)[O-].CN(C)C(=[NH2+])N(C)C,70
C1490_A0339,CC(C)N(C(=O)[O-])C(C)C.CN(C)C(=[NH2+])N(C)C,43
C1490_A0049,CC1=CC(=O)[N-]S(=O)(=O)O1.CN(C)C(=[NH2+])N(C)C,75
C1490_A0337,CCCCN(C)C(=O)[O-].CN(C)C(=[NH2+])N(C)C,60
C2022_A0340,CCCCCCCCCCCCCCCC[N+](C)(C)C.Cc1cc(Cl)ccc1OCC(=O)[O-],190
C2022_A0341,CCCCCCCCCCCCCCCC[N+](C)(C)C.O=C([O-])COc1ccc(Cl)cc1Cl,197
C2022_A0342,CCCCCCCCCCCCCCCC[N+](C)(C)C.COc1c(Cl)ccc(Cl)c1C(=O)[O-],181
C2023_A0340,CCCCCCCCCCCCCCCCCC[N+](C)(C)C.Cc1cc(Cl)ccc1OCC(=O)[O-],196
C2023_A0341,CCCCCCCCCCCCCCCCCC[N+](C)(C)C.O=C([O-])COc1ccc(Cl)cc1Cl,197
C2023_A0342,CCCCCCCCCCCCCCCCCC[N+](C)(C)C.COc1c(Cl)ccc(Cl)c1C(=O)[O-],186
C2024_A0340,CCCCCCCCCCCCCCCCCCCCCC[N+](C)(C)C.Cc1cc(Cl)ccc1OCC(=O)[O-],195
C2024_A0341,CCCCCCCCCCCCCCCCCCCCCC[N+](C)(C)C.O=C([O-])COc1ccc(Cl)cc1Cl,199
C2024_A0342,CCCCCCCCCCCCCCCCCCCCCC[N+](C)(C)C.COc1c(Cl)ccc(Cl)c1C(=O)[O-],185
C2022_A0343,CCCCCCCCCCCCCCCC[N+](C)(C)C.Cc1cc(Cl)ccc1OC(C)C(=O)[O-],190
C2023_A0343,CCCCCCCCCCCCCCCCCC[N+](C)(C)C.Cc1cc(Cl)ccc1OC(C)C(=O)[O-],186
C2024_A0343,CCCCCCCCCCCCCCCCCCCCCC[N+](C)(C)C.Cc1cc(Cl)ccc1OC(C)C(=O)[O-],194
C0639_A0027,C=Cn1cc[n+](CC)c1.O=S(=O)(F)[N-]S(=O)(=O)F,249
C0316_A0027,C=CCn1cc[n+](C)c1.O=S(=O)(F)[N-]S(=O)(=O)F,248
C1779_A0027,C=CC[n+]1ccn(CC)c1.O=S(=O)(F)[N-]S(=O)(=O)F,257
C2026_A0027,COC(C)n1cc[n+](C)c1.O=S(=O)(F)[N-]S(=O)(=O)F,233
C2027_A0027,CCn1cc[n+](C(C)OC)c1.O=S(=O)(F)[N-]S(=O)(=O)F,240
C2028_A0027,CCOC(C)[n+]1ccn(C)c1.O=S(=O)(F)[N-]S(=O)(=O)F,229
C2029_A0027,CCOC(C)[n+]1ccn(CC)c1.O=S(=O)(F)[N-]S(=O)(=O)F,232
C0460_A0027,CC[n+]1ccn(C)c1.O=S(=O)(F)[N-]S(=O)(=O)F,259
C0639_A0048,C=Cn1cc[n+](CC)c1.O=S(=O)([N-]S(=O)(=O)C(F)(F)F)C(F)(F)F,377
C0316_A0048,C=CCn1cc[n+](C)c1.O=S(=O)([N-]S(=O)(=O)C(F)(F)F)C(F)(F)F,384
C1779_A0048,C=CC[n+]1ccn(CC)c1.O=S(=O)([N-]S(=O)(=O)C(F)(F)F)C(F)(F)F,357
C2030_A0079,NC(N)=[NH2+].O=S(=O)([O-])C(F)(F)C(F)(F)C(F)(F)C(F)(F)F,408
C1199_A0326,CCCC[P+](CCCC)(CCCC)CCCC.COc1cc(C=CC(=O)[O-])ccc1O,132
C0297_A0326,CCCC[N+](CCCC)(CCCC)CCCC.COc1cc(C=CC(=O)[O-])ccc1O,157
C1199_A0344,CCCC[P+](CCCC)(CCCC)CCCC.O=C([O-])C=Cc1ccc(O)cc1,156
C0297_A0344,CCCC[N+](CCCC)(CCCC)CCCC.O=C([O-])C=Cc1ccc(O)cc1,181
C2034_A0027,COCC[n+]1cccn1C.O=S(=O)(F)[N-]S(=O)(=O)F,263
C2035_A0027,CCn1ccc[n+]1CCOC.O=S(=O)(F)[N-]S(=O)(=O)F,265
C2036_A0027,CCOCC[n+]1cccn1C.O=S(=O)(F)[N-]S(=O)(=O)F,275
C2037_A0027,CCOCC[n+]1cccn1CC.O=S(=O)(F)[N-]S(=O)(=O)F,265
C0482_A0064,C[N+](C)(C)CCO.O=C([O-])C(F)(F)F,191
C0482_A0352,C[N+](C)(C)CCO.O=C([O-])C(F)(F)C(F)(F)F,188
C0482_A0186,C[N+](C)(C)CCO.O=C([O-])C(F)(F)C(F)(F)C(F)(F)F,174
C0482_A0350,C[N+](C)(C)CCO.O=C([O-])C(F)(F)C(F)(F)C(F)(F)C(F)(F)F,171
C0482_A0353,C[N+](C)(C)CCO.O=C([O-])C(F)(F)C(F)(F)C(F)(F)C(F)(F)C(F)(F)F,170
C0482_A0354,C[N+](C)(C)CCO.O=C([O-])C(F)(F)C(F)(F)C(F)(F)C(F)(F)C(F)(F)C(F)(F)F,177
C0482_A0188,C[N+](C)(C)CCO.O=C([O-])C(F)(F)C(F)(F)C(F)(F)C(F)(F)C(F)(F)C(F)(F)C(F)(F)F,182
C1199_A0325,CCCCC(CC)COC(=O)CC(C(=O)OCC(CC)CCCC)S(=O)(=O)[O-].CCCC[P+](CCCC)(CCCC)CCCC,235
C2102_A0325,CCCCC(CC)COC(=O)CC(C(=O)OCC(CC)CCCC)S(=O)(=O)[O-].CCCC[P+](CCCC)(CCCC)CC(=O)OCC,225
C2103_A0325,CCCCC(CC)COC(=O)CC(C(=O)OCC(CC)CCCC)S(=O)(=O)[O-].CCCC[P+](CCCC)(CCCC)CC(=O)O,239
C2104_A0325,CCCCC(CC)COC(=O)CC(C(=O)OCC(CC)CCCC)S(=O)(=O)[O-].CCCC[P+](CCCC)(CCCC)CCOCCOCCOC,240
C1197_A0324,CCCCCCCCCCCCCCCCCC(=O)[O-].CCCC[P+](CC)(CCCC)CCCC,321
C0985_A0356,CC(C)C1=CC2=CCC3C(C)(C(=O)[O-])CCCC3(C)C2CC1.C[N+](C)(C)C,191
C0297_A0356,CC(C)C1=CC2=CCC3C(C)(C(=O)[O-])CCCC3(C)C2CC1.CCCC[N+](CCCC)(CCCC)CCCC,179
C0482_A0356,CC(C)C1=CC2=CCC3C(C)(C(=O)[O-])CCCC3(C)C2CC1.C[N+](C)(C)CCO,186
C2105_A0356,CC(C)C1=CC2=CCC3C(C)(C(=O)[O-])CCCC3(C)C2CC1.C[N+](C)(C)Cc1ccccc1,207
C2022_A0356,CC(C)C1=CC2=CCC3C(C)(C(=O)[O-])CCCC3(C)C2CC1.CCCCCCCCCCCCCCCC[N+](C)(C)C,210
C2023_A0356,CC(C)C1=CC2=CCC3C(C)(C(=O)[O-])CCCC3(C)C2CC1.CCCCCCCCCCCCCCCCCC[N+](C)(C)C,220
C2024_A0356,CC(C)C1=CC2=CCC3C(C)(C(=O)[O-])CCCC3(C)C2CC1.CCCCCCCCCCCCCCCCCCCCCC[N+](C)(C)C,222
C0514_A0356,CC(C)C1=CC2=CCC3C(C)(C(=O)[O-])CCCC3(C)C2CC1.CCCCCCCCCC[N+](C)(C)CCCCCCCCCC,225
C0460_A0356,CC(C)C1=CC2=CCC3C(C)(C(=O)[O-])CCCC3(C)C2CC1.CC[n+]1ccn(C)c1,217
C0505_A0356,CC(C)C1=CC2=CCC3C(C)(C(=O)[O-])CCCC3(C)C2CC1.CCCC[n+]1ccn(C)c1,241
C0190_A0356,CC(C)C1=CC2=CCC3C(C)(C(=O)[O-])CCCC3(C)C2CC1.CCCCCC[n+]1ccn(C)c1,234
C0290_A0356,CC(C)C1=CC2=CCC3C(C)(C(=O)[O-])CCCC3(C)C2CC1.CCCCCCCC[n+]1ccn(C)c1,242
C0515_A0356,CC(C)C1=CC2=CCC3C(C)(C(=O)[O-])CCCC3(C)C2CC1.CCCCCCCCCC[n+]1ccn(C)c1,250
C0723_A0356,CC(C)C1=CC2=CCC3C(C)(C(=O)[O-])CCCC3(C)C2CC1.CCCCCCCCCCCC[n+]1ccn(C)c1,258
C0976_A0356,CC(C)C1=CC2=CCC3C(C)(C(=O)[O-])CCCC3(C)C2CC1.CCCCCCCCCCCCCCCC[n+]1ccn(C)c1,271
C2106_A0356,CC(C)C1=CC2=CCC3C(C)(C(=O)[O-])CCCC3(C)C2CC1.CCCCCCCCCCCCCC[N+](C)(C)C,266
C0460_A0357,CC[n+]1ccn(C)c1.[NH-]S(=O)(=O)C(F)(F)F,238
C0505_A0357,CCCC[n+]1ccn(C)c1.[NH-]S(=O)(=O)C(F)(F)F,237
C0315_A0357,CCCC[N+]1(C)CCCC1.[NH-]S(=O)(=O)C(F)(F)F,201
C1095_A0357,CCCC[N+](C)(C)C.[NH-]S(=O)(=O)C(F)(F)F,198
C0979_A0357,CCCCCCCC[N+](C)(CCCCCCCC)CCCCCCCC.[NH-]S(=O)(=O)C(F)(F)F,194
C2117_A0362,CCCCCCCC[NH+](CCCCCCCC)CCCCCCCC.Cc1ccc(C(=O)[O-])cc1C,158
C2117_A0145,CCCCCCCC[NH+](CCCCCCCC)CCCCCCCC.O=C([O-])c1ccccc1O,186
C2117_A0364,CCCCCCCC[NH+](CCCCCCCC)CCCCCCCC.O=C([O-])c1ccc2ccccc2c1,194
C2117_A0365,CC(C)(C)c1ccc(C(=O)[O-])cc1.CCCCCCCC[NH+](CCCCCCCC)CCCCCCCC,176
C2117_A0366,CCCCCCCCC(CCCCCC)C(=O)[O-].CCCCCCCC[NH+](CCCCCCCC)CCCCCCCC,187
C2117_A0367,CCCCCCCC[NH+](CCCCCCCC)CCCCCCCC.O=C([O-])CCCc1ccccc1,163
C2119_A0341,CCCCCCCCCCCC[N+](C)(C)CC(=O)O.O=C([O-])COc1ccc(Cl)cc1Cl,250
C2119_A0340,CCCCCCCCCCCC[N+](C)(C)CC(=O)O.Cc1cc(Cl)ccc1OCC(=O)[O-],272
C2119_A0343,CCCCCCCCCCCC[N+](C)(C)CC(=O)O.Cc1cc(Cl)ccc1OC(C)C(=O)[O-],260
C2119_A0342,CCCCCCCCCCCC[N+](C)(C)CC(=O)O.COc1c(Cl)ccc(Cl)c1C(=O)[O-],240
C2114_A0358,CC(C)Cc1ccc(C(C)C(=O)[O-])cc1.CNC(=C[N+](=O)[O-])NCCSCc1ccc([NH+](C)C)o1,219
C2115_A0358,CC(C)Cc1ccc(C(C)C(=O)[O-])cc1.C[NH+](C)CCOC(c1ccccc1)c1ccccc1,229
C2114_A0360,CNC(=C[N+](=O)[O-])NCCSCc1ccc([NH+](C)C)o1.C[N-]S(=O)(=O)c1ccc(N)cc1,207
C0482_A0361,COCCOCCOCCOCC(=O)[O-].C[N+](C)(C)CCO,218
C0687_A0361,CC[N+](CC)(CC)CC.COCCOCCOCCOCC(=O)[O-],196
C0656_A0361,CCC[N+](CCC)(CCC)CCC.COCCOCCOCCOCC(=O)[O-],189
C0297_A0361,CCCC[N+](CCCC)(CCCC)CCCC.COCCOCCOCCOCC(=O)[O-],190
C0843_A0087,CC(=O)[O-].CC[NH3+],167
C0647_A0087,CC(=O)[O-].CCC[NH3+],177
C2062_A0054,CS(=O)(=O)[O-].Cc1cc(C)[n+](-c2ccccc2)n1C,282
C2059_A0054,CCn1c(C)cc(C)[n+]1-c1ccccc1.CS(=O)(=O)[O-],275
C2061_A0054,CCCn1c(C)cc(C)[n+]1-c1ccccc1.CS(=O)(=O)[O-],275
C2060_A0054,CCCCn1c(C)cc(C)[n+]1-c1ccccc1.CS(=O)(=O)[O-],291
C2158_A0054,CCCCCn1c(C)cc(C)[n+]1-c1ccccc1.CS(=O)(=O)[O-],272
C2159_A0054,CCCCCCn1c(C)cc(C)[n+]1-c1ccccc1.CS(=O)(=O)[O-],275
C2160_A0054,CCCCCCCn1c(C)cc(C)[n+]1-c1ccccc1.CS(=O)(=O)[O-],260
C2062_A0020,Cc1cc(C)[n+](-c2ccccc2)n1C.F[B-](F)(F)F,361
C2059_A0020,CCn1c(C)cc(C)[n+]1-c1ccccc1.F[B-](F)(F)F,367
C2061_A0020,CCCn1c(C)cc(C)[n+]1-c1ccccc1.F[B-](F)(F)F,346
C2060_A0020,CCCCn1c(C)cc(C)[n+]1-c1ccccc1.F[B-](F)(F)F,348
C2158_A0020,CCCCCn1c(C)cc(C)[n+]1-c1ccccc1.F[B-](F)(F)F,344
C2159_A0020,CCCCCCn1c(C)cc(C)[n+]1-c1ccccc1.F[B-](F)(F)F,343
C2160_A0020,CCCCCCCn1c(C)cc(C)[n+]1-c1ccccc1.F[B-](F)(F)F,343
C2062_A0011,Cc1cc(C)[n+](-c2ccccc2)n1C.F[P-](F)(F)(F)(F)F,374
C2059_A0011,CCn1c(C)cc(C)[n+]1-c1ccccc1.F[P-](F)(F)(F)(F)F,371
C2061_A0011,CCCn1c(C)cc(C)[n+]1-c1ccccc1.F[P-](F)(F)(F)(F)F,321
C2060_A0011,CCCCn1c(C)cc(C)[n+]1-c1ccccc1.F[P-](F)(F)(F)(F)F,347
C2158_A0011,CCCCCn1c(C)cc(C)[n+]1-c1ccccc1.F[P-](F)(F)(F)(F)F,354
C2159_A0011,CCCCCCn1c(C)cc(C)[n+]1-c1ccccc1.F[P-](F)(F)(F)(F)F,357
C2160_A0011,CCCCCCCn1c(C)cc(C)[n+]1-c1ccccc1.F[P-](F)(F)(F)(F)F,341
C2170_A0017,CC(C)C[NH2+]CCCS(=O)(=O)O.O=S(=O)([O-])O,270
C0505_A0377,CCCC[n+]1ccn(C)c1.Cl[I-]Cl,204
C0505_A0376,Br[I-]Br.CCCC[n+]1ccn(C)c1,196
C1513_A0215,CCCC[C@@H](CC)COC(=O)C[C@@H](C(=O)OC[C@@H](CC)CCCC)S(=O)(=O)[O-].CCCC[n+]1ccn(CCC#N)c1,307
C1513_A0271,CCCCCCCCCCCCOS(=O)(=O)[O-].CCCC[n+]1ccn(CCC#N)c1,297
C1513_A0270,CCCC[n+]1ccn(CCC#N)c1.O=S(=O)([O-])c1ccccc1,312
C1513_A0084,CCCC[n+]1ccn(CCC#N)c1.O=S(=O)([O-])C(F)(F)F,328
C2144_A0215,CCCCCCCCCC[n+]1ccn(CCC#N)c1.CCCC[C@@H](CC)COC(=O)C[C@@H](C(=O)OC[C@@H](CC)CCCC)S(=O)(=O)[O-],261
C2144_A0271,CCCCCCCCCCCCOS(=O)(=O)[O-].CCCCCCCCCC[n+]1ccn(CCC#N)c1,246
C0871_A0380,CC[N+]1(C)CCCCC1.Cc1cc(Cl)ccc1OCCCC(=O)[O-],254
C0155_A0380,CCC[N+]1(C)CCCCC1.Cc1cc(Cl)ccc1OCCCC(=O)[O-],252
C0137_A0380,CCCC[N+]1(C)CCCCC1.Cc1cc(Cl)ccc1OCCCC(=O)[O-],243
C1591_A0380,CCCCC[N+]1(C)CCCCC1.Cc1cc(Cl)ccc1OCCCC(=O)[O-],252
C1592_A0380,CCCCCC[N+]1(C)CCCCC1.Cc1cc(Cl)ccc1OCCCC(=O)[O-],260
C1593_A0380,CCCCCCC[N+]1(C)CCCCC1.Cc1cc(Cl)ccc1OCCCC(=O)[O-],262
C0168_A0380,CCCCCCCC[N+]1(C)CCCCC1.Cc1cc(Cl)ccc1OCCCC(=O)[O-],224
C2181_A0380,CCCCCCCCC[N+]1(C)CCCCC1.Cc1cc(Cl)ccc1OCCCC(=O)[O-],272
C2175_A0380,CCCCCCCCCC[N+]1(C)CCCCC1.Cc1cc(Cl)ccc1OCCCC(=O)[O-],284
C2176_A0380,CCCCCCCCCCC[N+]1(C)CCCCC1.Cc1cc(Cl)ccc1OCCCC(=O)[O-],305
C2177_A0380,CCCCCCCCCCCC[N+]1(C)CCCCC1.Cc1cc(Cl)ccc1OCCCC(=O)[O-],327
C2178_A0380,CCCCCCCCCCCCCC[N+]1(C)CCCCC1.Cc1cc(Cl)ccc1OCCCC(=O)[O-],314
C2179_A0380,CCCCCCCCCCCCCCCC[N+]1(C)CCCCC1.Cc1cc(Cl)ccc1OCCCC(=O)[O-],347
C2180_A0380,CCCCCCCCCCCCCCCCCC[N+]1(C)CCCCC1.Cc1cc(Cl)ccc1OCCCC(=O)[O-],367
C2182_A0048,CCCCOCn1cc[n+](C)c1.O=S(=O)([N-]S(=O)(=O)C(F)(F)F)C(F)(F)F,220
C2183_A0048,CCCCCOCn1cc[n+](C)c1.O=S(=O)([N-]S(=O)(=O)C(F)(F)F)C(F)(F)F,220
C2184_A0048,CCCCCCOCn1cc[n+](C)c1.O=S(=O)([N-]S(=O)(=O)C(F)(F)F)C(F)(F)F,215
C0895_A0048,CCCCCCCOC[n+]1ccn(C)c1.O=S(=O)([N-]S(=O)(=O)C(F)(F)F)C(F)(F)F,210
C2185_A0048,CCCCCCCCOCn1cc[n+](C)c1.O=S(=O)([N-]S(=O)(=O)C(F)(F)F)C(F)(F)F,220
C2186_A0048,CCCCCCCCCOCn1cc[n+](C)c1.O=S(=O)([N-]S(=O)(=O)C(F)(F)F)C(F)(F)F,210
C2182_A0020,CCCCOCn1cc[n+](C)c1.F[B-](F)(F)F,210
C2183_A0020,CCCCCOCn1cc[n+](C)c1.F[B-](F)(F)F,195
C2184_A0020,CCCCCCOCn1cc[n+](C)c1.F[B-](F)(F)F,205
C0895_A0020,CCCCCCCOC[n+]1ccn(C)c1.F[B-](F)(F)F,205
C2185_A0020,CCCCCCCCOCn1cc[n+](C)c1.F[B-](F)(F)F,210
C0515_A0020,CCCCCCCCCC[n+]1ccn(C)c1.F[B-](F)(F)F,390
C2189_A0069,C[n+]1ccccc1-c1ccccc1.[I-],240
C2189_A0011,C[n+]1ccccc1-c1ccccc1.F[P-](F)(F)(F)(F)F,430
C2190_A0069,CC[n+]1ccccc1-c1ccccc1.[I-],235
C2190_A0011,CC[n+]1ccccc1-c1ccccc1.F[P-](F)(F)(F)(F)F,425
C2191_A0069,C[n+]1ccccc1-c1ccc(F)cc1F.[I-],210
C2192_A0011,CC1([n+]2ccccc2)C=CC=CC1c1ccc(F)cc1F.F[P-](F)(F)(F)(F)F,425
C2193_A0069,CCC1([n+]2ccccc2)C=CC=CC1c1ccc(F)cc1F.[I-],410
C2193_A0011,CCC1([n+]2ccccc2)C=CC=CC1c1ccc(F)cc1F.F[P-](F)(F)(F)(F)F,210
C2018_A0183,C1CCC2=NCCC[NH+]2CC1.c1c[n-]cn1,128
C2018_A0391,C1CCC2=NCCC[NH+]2CC1.Cc1c[n-]cn1,128
C2018_A0102,C1CCC2=NCCC[NH+]2CC1.O=[N+]([O-])c1c[n-]cn1,186
C2018_A0392,C1CCC2=NCCC[NH+]2CC1.Cc1ncc[n-]1,116
C2018_A0393,C1CCC2=NCCC[NH+]2CC1.CCc1ncc[n-]1,118
C2018_A0394,C1CCC2=NCCC[NH+]2CC1.CCCc1ncc[n-]1,127
C2018_A0395,C1CCC2=NCCC[NH+]2CC1.CC(C)c1ncc[n-]1,125
C2018_A0396,C1CCC2=NCCC[NH+]2CC1.CCc1nc(C)c[n-]1,124
C2018_A0383,C1CCC2=NCCC[NH+]2CC1.O=[N+]([O-])c1ncc[n-]1,236
C2018_A0397,C1CCC2=NCCC[NH+]2CC1.c1ccc(-c2ncc[n-]2)cc1,142
C2196_A0064,CCCC[NH2+]CCO.O=C([O-])C(F)(F)F,167
C2196_A0090,CCCC[NH2+]CCO.O=[N+]([O-])[O-],183
C1186_A0341,C[N+](C)(C)CC(=O)O.O=C([O-])COc1ccc(Cl)cc1Cl,237
C1186_A0340,C[N+](C)(C)CC(=O)O.Cc1cc(Cl)ccc1OCC(=O)[O-],234
C1186_A0343,C[N+](C)(C)CC(=O)O.Cc1cc(Cl)ccc1OC(C)C(=O)[O-],218
C1186_A0342,COc1c(Cl)ccc(Cl)c1C(=O)[O-].C[N+](C)(C)CC(=O)O,197
C2221_A0341,C[N+](C)(C)CC(O)CC(=O)O.O=C([O-])COc1ccc(Cl)cc1Cl,165
C2221_A0340,C[N+](C)(C)CC(O)CC(=O)O.Cc1cc(Cl)ccc1OCC(=O)[O-],190
C2221_A0343,C[N+](C)(C)CC(O)CC(=O)O.Cc1cc(Cl)ccc1OC(C)C(=O)[O-],181
C2221_A0342,COc1c(Cl)ccc(Cl)c1C(=O)[O-].C[N+](C)(C)CC(O)CC(=O)O,196
